review_id,product_name,reviewer_name,rating,review_text,platform,clean_review,vader_sentiment,vader_score,textblob_sentiment,textblob_score,true_sentiment
1,Cotton T-Shirt,Sneha,5,"Very happy with this Cotton T-Shirt, will definitely buy again from this brand.",Amazon,happy cotton shirt definitely buy brand,positive,0.7713,positive,0.5,positive
2,Air Fryer,Nisha,4,Absolutely loved this Air Fryer! Works perfectly and arrived on time. Customer support responded quickly.,Amazon,absolutely loved air fryer work perfectly arrived time customer support responded quickly,positive,0.9078,positive,0.7361111111111112,positive
3,LED Desk Lamp,Arjun,5,Impressed by the quality of the LED Desk Lamp. Packaging was also very good. Customer support responded quickly.,Amazon,impressed quality led desk lamp packaging also good customer support responded quickly,positive,0.8503,positive,0.7477777777777778,positive
4,Wireless Mouse,Rohit,2,"I regret buying this Wireless Mouse, it stopped functioning after few uses.",Flipkart,regret buying wireless mouse stopped functioning us,negative,-0.5719,negative,-0.2,negative
5,Smartphone Back Cover,Nisha,5,"Excellent quality Smartphone Back Cover, totally worth the price. Highly recommended!",Flipkart,excellent quality smartphone back cover totally worth price highly recommended,positive,0.8062,positive,0.375,positive
6,Wireless Mouse,Karan,4,Great purchase! The Wireless Mouse is durable and easy to use.,Amazon,great purchase wireless mouse durable easy use,positive,0.807,positive,0.7166666666666667,positive
7,LED Desk Lamp,Rahul,5,"Perfect LED Desk Lamp for daily use, no issues at all after a month.",Amazon,perfect led desk lamp daily use no issue month,positive,0.3612,positive,0.5,positive
8,Cotton T-Shirt,Sneha,4,"Very happy with this Cotton T-Shirt, will definitely buy again from this brand.",Flipkart,happy cotton shirt definitely buy brand,positive,0.7713,positive,0.5,positive
9,Bluetooth Speaker,Rohit,5,Amazing value for money. The Bluetooth Speaker looks premium and works great.,Flipkart,amazing value money bluetooth speaker look premium work great,positive,0.8834,positive,0.7000000000000001,positive
10,Power Bank 10000mAh,Anjali,3,"Average Power Bank 10000mAh, quality is decent for the price range.",Amazon,average power bank mah quality decent price range,neutral,0.0,neutral,0.008333333333333331,neutral
11,Laptop Backpack,Priya,5,"Very happy with this Laptop Backpack, will definitely buy again from this brand.",Amazon,happy laptop backpack definitely buy brand,positive,0.7713,positive,0.5,positive
12,Gaming Keyboard,Rohit,5,Amazing value for money. The Gaming Keyboard looks premium and works great.,Flipkart,amazing value money gaming keyboard look premium work great,positive,0.8834,positive,0.7000000000000001,positive
13,Smartwatch,Kavya,2,"I regret buying this Smartwatch, it stopped functioning after few uses. Packaging was neat.",Flipkart,regret buying smartwatch stopped functioning us packaging neat,negative,-0.1779,negative,-0.2,negative
14,Power Bank 10000mAh,Vikram,2,"The Power Bank 10000mAh is a total scam, completely different from the pictures.",Flipkart,power bank mah total scam completely different picture,negative,-0.5719,neutral,0.0,negative
15,Smartphone Back Cover,Divya,1,"Waste of money, the Smartphone Back Cover quality is really poor.",Amazon,waste money smartphone back cover quality really poor,negative,-0.7346,negative,-0.20000000000000004,negative
16,Running Shoes,Amit,5,Great purchase! The Running Shoes is durable and easy to use.,Amazon,great purchase running shoe durable easy use,positive,0.807,positive,0.7166666666666667,positive
17,Cotton T-Shirt,Suresh,3,"Decent Cotton T-Shirt for the price, some minor issues but usable.",Amazon,decent cotton shirt price minor issue usable,neutral,0.0,neutral,0.05833333333333333,neutral
18,Bluetooth Speaker,Arjun,4,Great purchase! The Bluetooth Speaker is durable and easy to use.,Amazon,great purchase bluetooth speaker durable easy use,positive,0.807,positive,0.7166666666666667,positive
19,LED Desk Lamp,Sanjay,3,"Decent LED Desk Lamp for the price, some minor issues but usable.",Amazon,decent led desk lamp price minor issue usable,neutral,0.0,neutral,0.05833333333333333,neutral
20,Laptop Backpack,Riya,4,Best Laptop Backpack I have bought online. Great build quality and fast delivery.,Amazon,best laptop backpack bought online great build quality fast delivery,positive,0.8519,positive,0.6666666666666666,positive
21,Smartphone Back Cover,Deepak,3,"Decent Smartphone Back Cover for the price, some minor issues but usable. Packaging was neat.",Amazon,decent smartphone back cover price minor issue usable packaging neat,positive,0.6124,neutral,0.03888888888888888,neutral
22,Smartphone Back Cover,Isha,1,"Waste of money, the Smartphone Back Cover quality is really poor. Not sure if I will repurchase.",Amazon,waste money smartphone back cover quality really poor not sure repurchase,negative,-0.8136,negative,-0.21250000000000002,negative
23,Bluetooth Speaker,Isha,5,"Perfect Bluetooth Speaker for daily use, no issues at all after a month.",Amazon,perfect bluetooth speaker daily use no issue month,positive,0.3612,positive,0.5,positive
24,Power Bank 10000mAh,Manoj,5,Amazing value for money. The Power Bank 10000mAh looks premium and works great.,Amazon,amazing value money power bank mah look premium work great,positive,0.8834,positive,0.7000000000000001,positive
25,Smartwatch,Kavya,4,Amazing value for money. The Smartwatch looks premium and works great.,Amazon,amazing value money smartwatch look premium work great,positive,0.8834,positive,0.7000000000000001,positive
26,Wireless Bluetooth Earbuds,Suresh,5,Absolutely loved this Wireless Bluetooth Earbuds! Works perfectly and arrived on time. Shipping was quick.,Amazon,absolutely loved wireless bluetooth earbuds work perfectly arrived time shipping quick,positive,0.8653,positive,0.7361111111111112,positive
27,LED Desk Lamp,Deepak,5,Great purchase! The LED Desk Lamp is durable and easy to use.,Flipkart,great purchase led desk lamp durable easy use,positive,0.807,positive,0.7166666666666667,positive
28,Smartwatch,Divya,1,"I regret buying this Smartwatch, it stopped functioning after few uses.",Flipkart,regret buying smartwatch stopped functioning us,negative,-0.5719,negative,-0.2,negative
29,Running Shoes,Suresh,4,Absolutely loved this Running Shoes! Works perfectly and arrived on time.,Amazon,absolutely loved running shoe work perfectly arrived time,positive,0.8653,positive,0.9375,positive
30,Smartwatch,Arjun,5,Impressed by the quality of the Smartwatch. Packaging was also very good. Packaging was neat.,Flipkart,impressed quality smartwatch packaging also good packaging neat,positive,0.8516,positive,0.955,positive
31,Smartwatch,Isha,3,"Average Smartwatch, quality is decent for the price range.",Amazon,average smartwatch quality decent price range,neutral,0.0,neutral,0.008333333333333331,neutral
32,Wireless Bluetooth Earbuds,Kavya,1,"Really bad Wireless Bluetooth Earbuds, would not recommend to anyone.",Amazon,really bad wireless bluetooth earbuds would not recommend anyone,negative,-0.7098,negative,-0.6999999999999998,negative
33,Running Shoes,Anjali,5,"Superb product! The Running Shoes exceeded my expectations, five stars.",Flipkart,superb product running shoe exceeded expectation five star,positive,0.6588,positive,1.0,positive
34,Wireless Bluetooth Earbuds,Manoj,3,"Decent Wireless Bluetooth Earbuds for the price, some minor issues but usable.",Flipkart,decent wireless bluetooth earbuds price minor issue usable,neutral,0.0,neutral,0.05833333333333333,neutral
35,Running Shoes,Rohit,2,"Really bad Running Shoes, would not recommend to anyone. Would consider buying again.",Amazon,really bad running shoe would not recommend anyone would consider buying,negative,-0.7098,negative,-0.6999999999999998,negative
36,Air Fryer,Riya,2,Very disappointed with this Air Fryer. Stopped working within a week. Customer support responded quickly.,Amazon,disappointed air fryer stopped working within week customer support responded quickly,negative,-0.3804,negative,-0.3208333333333334,negative
37,Wireless Bluetooth Earbuds,Rahul,3,"Average Wireless Bluetooth Earbuds, quality is decent for the price range.",Amazon,average wireless bluetooth earbuds quality decent price range,neutral,0.0,neutral,0.008333333333333331,neutral
38,Cotton T-Shirt,Kavya,3,"Okay-ish product, the Cotton T-Shirt performs as expected, nothing more. Customer support responded quickly.",Amazon,okay ish product cotton shirt performs expected nothing customer support responded quickly,negative,-0.3536,positive,0.24444444444444446,neutral
39,Air Fryer,Rohit,5,"Perfect Air Fryer for daily use, no issues at all after a month.",Flipkart,perfect air fryer daily use no issue month,positive,0.3612,positive,0.5,positive
40,Smartwatch,Rahul,5,Best Smartwatch I have bought online. Great build quality and fast delivery.,Amazon,best smartwatch bought online great build quality fast delivery,positive,0.8519,positive,0.6666666666666666,positive
41,Kitchen Mixer Grinder,Sanjay,1,"The Kitchen Mixer Grinder is a total scam, completely different from the pictures. Packaging was neat.",Flipkart,kitchen mixer grinder total scam completely different picture packaging neat,negative,-0.1779,neutral,0.0,negative
42,Laptop Backpack,Pooja,3,"Average Laptop Backpack, quality is decent for the price range.",Flipkart,average laptop backpack quality decent price range,neutral,0.0,neutral,0.008333333333333331,neutral
43,Laptop Backpack,Sanjay,5,Impressed by the quality of the Laptop Backpack. Packaging was also very good.,Amazon,impressed quality laptop backpack packaging also good,positive,0.7425,positive,0.955,positive
44,Cotton T-Shirt,Vikram,1,"Terrible experience, the Cotton T-Shirt does not match the product description.",Flipkart,terrible experience cotton shirt not match product description,negative,-0.4767,negative,-1.0,negative
45,Smartphone Back Cover,Nisha,3,"It's a fine Smartphone Back Cover, met basic expectations, could be better.",Amazon,fine smartphone back cover met basic expectation could better,positive,0.5719,positive,0.22916666666666669,neutral
46,Power Bank 10000mAh,Priya,5,"Very happy with this Power Bank 10000mAh, will definitely buy again from this brand.",Amazon,happy power bank mah definitely buy brand,positive,0.7713,positive,0.5,positive
47,Cotton T-Shirt,Arjun,4,"Very happy with this Cotton T-Shirt, will definitely buy again from this brand. Packaging was neat.",Amazon,happy cotton shirt definitely buy brand packaging neat,positive,0.8655,positive,0.5,positive
48,Power Bank 10000mAh,Vikram,4,"This Power Bank 10000mAh is fantastic, exactly as described. Very satisfied customer.",Amazon,power bank mah fantastic exactly described satisfied customer,positive,0.7713,positive,0.43333333333333335,positive
49,Gaming Keyboard,Priya,5,Impressed by the quality of the Gaming Keyboard. Packaging was also very good.,Flipkart,impressed quality gaming keyboard packaging also good,positive,0.7425,positive,0.955,positive
50,USB-C Charging Cable,Rohit,3,"The USB-C Charging Cable is okay, does the job but nothing special.",Amazon,usb charging cable okay job nothing special,negative,-0.3479,positive,0.4285714285714286,neutral
51,Cotton T-Shirt,Vikram,5,Impressed by the quality of the Cotton T-Shirt. Packaging was also very good.,Amazon,impressed quality cotton shirt packaging also good,positive,0.7425,positive,0.955,positive
52,Gaming Keyboard,Suresh,5,Best Gaming Keyboard I have bought online. Great build quality and fast delivery.,Flipkart,best gaming keyboard bought online great build quality fast delivery,positive,0.8519,positive,0.6666666666666666,positive
53,Wireless Mouse,Sneha,2,"Not worth the price, this Wireless Mouse broke on the second day.",Flipkart,not worth price wireless mouse broke second day,negative,-0.5371,neutral,-0.075,negative
54,Gaming Keyboard,Pooja,5,Great purchase! The Gaming Keyboard is durable and easy to use. Not sure if I will repurchase.,Flipkart,great purchase gaming keyboard durable easy use not sure repurchase,positive,0.7453,positive,0.39444444444444443,positive
55,Gaming Keyboard,Karan,1,"Not worth the price, this Gaming Keyboard broke on the second day. Packaging was neat.",Flipkart,not worth price gaming keyboard broke second day packaging neat,negative,-0.1195,neutral,-0.075,negative
56,Bluetooth Speaker,Sanjay,3,"Decent Bluetooth Speaker for the price, some minor issues but usable.",Flipkart,decent bluetooth speaker price minor issue usable,neutral,0.0,neutral,0.05833333333333333,neutral
57,Cotton T-Shirt,Sneha,3,"The Cotton T-Shirt is average, packaging could have been better.",Flipkart,cotton shirt average packaging could better,positive,0.4404,positive,0.175,neutral
58,Laptop Backpack,Pooja,1,"Terrible experience, the Laptop Backpack does not match the product description. Not sure if I will repurchase.",Flipkart,terrible experience laptop backpack not match product description not sure repurchase,negative,-0.6202,negative,-0.625,negative
59,Running Shoes,Deepak,1,"Really bad Running Shoes, would not recommend to anyone.",Amazon,really bad running shoe would not recommend anyone,negative,-0.7098,negative,-0.6999999999999998,negative
60,Bluetooth Speaker,Isha,4,"This Bluetooth Speaker is fantastic, exactly as described. Very satisfied customer.",Amazon,bluetooth speaker fantastic exactly described satisfied customer,positive,0.7713,positive,0.43333333333333335,positive
61,USB-C Charging Cable,Sneha,5,Amazing value for money. The USB-C Charging Cable looks premium and works great.,Flipkart,amazing value money usb charging cable look premium work great,positive,0.8834,positive,0.7000000000000001,positive
62,LED Desk Lamp,Neha,5,"This LED Desk Lamp is fantastic, exactly as described. Very satisfied customer.",Amazon,led desk lamp fantastic exactly described satisfied customer,positive,0.7713,positive,0.43333333333333335,positive
63,Smartwatch,Neha,5,"This Smartwatch is fantastic, exactly as described. Very satisfied customer.",Flipkart,smartwatch fantastic exactly described satisfied customer,positive,0.7713,positive,0.43333333333333335,positive
64,LED Desk Lamp,Nisha,2,"Terrible experience, the LED Desk Lamp does not match the product description. Customer support responded quickly.",Flipkart,terrible experience led desk lamp not match product description customer support responded quickly,negative,-0.1027,negative,-0.33333333333333337,negative
65,Kitchen Mixer Grinder,Anjali,5,"Superb product! The Kitchen Mixer Grinder exceeded my expectations, five stars.",Amazon,superb product kitchen mixer grinder exceeded expectation five star,positive,0.6588,positive,1.0,positive
66,Bluetooth Speaker,Neha,5,"Perfect Bluetooth Speaker for daily use, no issues at all after a month. Packaging was neat.",Amazon,perfect bluetooth speaker daily use no issue month packaging neat,positive,0.6705,positive,0.5,positive
67,Wireless Mouse,Nisha,4,Absolutely loved this Wireless Mouse! Works perfectly and arrived on time. Not sure if I will repurchase.,Amazon,absolutely loved wireless mouse work perfectly arrived time not sure repurchase,positive,0.8282,positive,0.5416666666666666,positive
68,Kitchen Mixer Grinder,Karan,5,"Perfect Kitchen Mixer Grinder for daily use, no issues at all after a month.",Flipkart,perfect kitchen mixer grinder daily use no issue month,positive,0.3612,positive,0.5,positive
69,Running Shoes,Kavya,4,Absolutely loved this Running Shoes! Works perfectly and arrived on time.,Amazon,absolutely loved running shoe work perfectly arrived time,positive,0.8653,positive,0.9375,positive
70,Wireless Mouse,Sneha,3,"Reasonable Wireless Mouse, matches the description mostly. Packaging was neat.",Flipkart,reasonable wireless mouse match description mostly packaging neat,positive,0.4588,positive,0.35,neutral
71,Laptop Backpack,Manoj,2,"Really bad Laptop Backpack, would not recommend to anyone.",Flipkart,really bad laptop backpack would not recommend anyone,negative,-0.7098,negative,-0.6999999999999998,negative
72,Gaming Keyboard,Riya,3,"Reasonable Gaming Keyboard, matches the description mostly.",Flipkart,reasonable gaming keyboard match description mostly,neutral,0.0,positive,0.35,neutral
73,Bluetooth Speaker,Arjun,2,"Terrible experience, the Bluetooth Speaker does not match the product description.",Flipkart,terrible experience bluetooth speaker not match product description,negative,-0.4767,negative,-1.0,negative
74,Smartphone Back Cover,Isha,2,"Not worth the price, this Smartphone Back Cover broke on the second day.",Amazon,not worth price smartphone back cover broke second day,negative,-0.5371,neutral,-0.049999999999999996,negative
75,Laptop Backpack,Rahul,5,"This Laptop Backpack is fantastic, exactly as described. Very satisfied customer.",Flipkart,laptop backpack fantastic exactly described satisfied customer,positive,0.7713,positive,0.43333333333333335,positive
76,Running Shoes,Karan,5,Great purchase! The Running Shoes is durable and easy to use. Not sure if I will repurchase.,Amazon,great purchase running shoe durable easy use not sure repurchase,positive,0.7453,positive,0.39444444444444443,positive
77,Gaming Keyboard,Pooja,3,"Okay-ish product, the Gaming Keyboard performs as expected, nothing more.",Flipkart,okay ish product gaming keyboard performs expected nothing,neutral,0.0,positive,0.2,neutral
78,Wireless Mouse,Arjun,5,"This Wireless Mouse is fantastic, exactly as described. Very satisfied customer.",Flipkart,wireless mouse fantastic exactly described satisfied customer,positive,0.7713,positive,0.43333333333333335,positive
79,Kitchen Mixer Grinder,Manoj,5,Amazing value for money. The Kitchen Mixer Grinder looks premium and works great.,Amazon,amazing value money kitchen mixer grinder look premium work great,positive,0.8834,positive,0.7000000000000001,positive
80,Air Fryer,Vikram,4,"This Air Fryer is fantastic, exactly as described. Very satisfied customer. Not sure if I will repurchase.",Flipkart,air fryer fantastic exactly described satisfied customer not sure repurchase,positive,0.6938,positive,0.2625,positive
81,Laptop Backpack,Suresh,5,"This Laptop Backpack is fantastic, exactly as described. Very satisfied customer. Would consider buying again.",Flipkart,laptop backpack fantastic exactly described satisfied customer would consider buying,positive,0.7713,positive,0.43333333333333335,positive
82,Bluetooth Speaker,Riya,2,"I regret buying this Bluetooth Speaker, it stopped functioning after few uses.",Amazon,regret buying bluetooth speaker stopped functioning us,negative,-0.5719,negative,-0.2,negative
83,Power Bank 10000mAh,Priya,5,Amazing value for money. The Power Bank 10000mAh looks premium and works great.,Amazon,amazing value money power bank mah look premium work great,positive,0.8834,positive,0.7000000000000001,positive
84,Smartwatch,Sneha,5,Absolutely loved this Smartwatch! Works perfectly and arrived on time. Not sure if I will repurchase.,Amazon,absolutely loved smartwatch work perfectly arrived time not sure repurchase,positive,0.8282,positive,0.5416666666666666,positive
85,Kitchen Mixer Grinder,Sneha,1,"Poor build quality, the Kitchen Mixer Grinder feels cheap and flimsy.",Amazon,poor build quality kitchen mixer grinder feel cheap flimsy,negative,-0.4767,neutral,0.0,negative
86,Bluetooth Speaker,Karan,5,Absolutely loved this Bluetooth Speaker! Works perfectly and arrived on time.,Flipkart,absolutely loved bluetooth speaker work perfectly arrived time,positive,0.8653,positive,0.9375,positive
87,Power Bank 10000mAh,Nisha,5,"Perfect Power Bank 10000mAh for daily use, no issues at all after a month. Would consider buying again.",Amazon,perfect power bank mah daily use no issue month would consider buying,positive,0.3612,positive,0.5,positive
88,Wireless Mouse,Divya,3,"The Wireless Mouse is okay, does the job but nothing special.",Flipkart,wireless mouse okay job nothing special,negative,-0.3479,positive,0.4285714285714286,neutral
89,Smartphone Back Cover,Riya,4,Amazing value for money. The Smartphone Back Cover looks premium and works great.,Amazon,amazing value money smartphone back cover look premium work great,positive,0.8834,positive,0.46666666666666673,positive
90,Running Shoes,Divya,3,"Reasonable Running Shoes, matches the description mostly.",Amazon,reasonable running shoe match description mostly,neutral,0.0,positive,0.35,neutral
91,Power Bank 10000mAh,Deepak,5,"Very happy with this Power Bank 10000mAh, will definitely buy again from this brand.",Flipkart,happy power bank mah definitely buy brand,positive,0.7713,positive,0.5,positive
92,USB-C Charging Cable,Manoj,3,"Average USB-C Charging Cable, quality is decent for the price range.",Amazon,average usb charging cable quality decent price range,neutral,0.0,neutral,0.008333333333333331,neutral
93,Wireless Mouse,Riya,5,"Perfect Wireless Mouse for daily use, no issues at all after a month.",Flipkart,perfect wireless mouse daily use no issue month,positive,0.3612,positive,0.5,positive
94,Laptop Backpack,Nisha,5,Amazing value for money. The Laptop Backpack looks premium and works great.,Flipkart,amazing value money laptop backpack look premium work great,positive,0.8834,positive,0.7000000000000001,positive
95,LED Desk Lamp,Riya,4,"Superb product! The LED Desk Lamp exceeded my expectations, five stars. Not sure if I will repurchase.",Amazon,superb product led desk lamp exceeded expectation five star not sure repurchase,positive,0.5315,positive,0.375,positive
96,Power Bank 10000mAh,Rahul,5,Great purchase! The Power Bank 10000mAh is durable and easy to use.,Flipkart,great purchase power bank mah durable easy use,positive,0.807,positive,0.7166666666666667,positive
97,Smartwatch,Pooja,5,"Superb product! The Smartwatch exceeded my expectations, five stars.",Flipkart,superb product smartwatch exceeded expectation five star,positive,0.6588,positive,1.0,positive
98,LED Desk Lamp,Manoj,5,"This LED Desk Lamp is fantastic, exactly as described. Very satisfied customer.",Flipkart,led desk lamp fantastic exactly described satisfied customer,positive,0.7713,positive,0.43333333333333335,positive
99,Bluetooth Speaker,Isha,5,"Excellent quality Bluetooth Speaker, totally worth the price. Highly recommended!",Amazon,excellent quality bluetooth speaker totally worth price highly recommended,positive,0.8062,positive,0.5,positive
100,Smartwatch,Sanjay,5,Great purchase! The Smartwatch is durable and easy to use.,Flipkart,great purchase smartwatch durable easy use,positive,0.807,positive,0.7166666666666667,positive
101,Smartphone Back Cover,Neha,1,"Terrible experience, the Smartphone Back Cover does not match the product description.",Amazon,terrible experience smartphone back cover not match product description,negative,-0.4767,negative,-0.5,negative
102,Power Bank 10000mAh,Isha,4,"Very happy with this Power Bank 10000mAh, will definitely buy again from this brand.",Flipkart,happy power bank mah definitely buy brand,positive,0.7713,positive,0.5,positive
103,Power Bank 10000mAh,Deepak,3,"Reasonable Power Bank 10000mAh, matches the description mostly. Shipping was quick.",Flipkart,reasonable power bank mah match description mostly shipping quick,neutral,0.0,positive,0.3444444444444444,neutral
104,Kitchen Mixer Grinder,Arjun,5,Amazing value for money. The Kitchen Mixer Grinder looks premium and works great.,Flipkart,amazing value money kitchen mixer grinder look premium work great,positive,0.8834,positive,0.7000000000000001,positive
105,Smartphone Back Cover,Priya,2,"I regret buying this Smartphone Back Cover, it stopped functioning after few uses.",Amazon,regret buying smartphone back cover stopped functioning us,negative,-0.5719,neutral,-0.1,negative
106,Laptop Backpack,Sneha,1,"Terrible experience, the Laptop Backpack does not match the product description.",Flipkart,terrible experience laptop backpack not match product description,negative,-0.4767,negative,-1.0,negative
107,Air Fryer,Karan,1,"The Air Fryer is a total scam, completely different from the pictures.",Flipkart,air fryer total scam completely different picture,negative,-0.5719,neutral,0.0,negative
108,Office Chair,Nisha,5,"Perfect Office Chair for daily use, no issues at all after a month.",Amazon,perfect office chair daily use no issue month,positive,0.3612,positive,0.5,positive
109,Air Fryer,Rohit,3,"Average Air Fryer, quality is decent for the price range.",Amazon,average air fryer quality decent price range,neutral,0.0,neutral,0.008333333333333331,neutral
110,Bluetooth Speaker,Anjali,1,The Bluetooth Speaker arrived damaged and customer service was unhelpful. Shipping was quick.,Amazon,bluetooth speaker arrived damaged customer service unhelpful shipping quick,negative,-0.4404,positive,0.3333333333333333,negative
111,Running Shoes,Kavya,5,"Perfect Running Shoes for daily use, no issues at all after a month.",Flipkart,perfect running shoe daily use no issue month,positive,0.3612,positive,0.5,positive
112,Power Bank 10000mAh,Arjun,4,Great purchase! The Power Bank 10000mAh is durable and easy to use.,Amazon,great purchase power bank mah durable easy use,positive,0.807,positive,0.7166666666666667,positive
113,Running Shoes,Vikram,5,"Superb product! The Running Shoes exceeded my expectations, five stars.",Amazon,superb product running shoe exceeded expectation five star,positive,0.6588,positive,1.0,positive
114,Wireless Bluetooth Earbuds,Manoj,5,"Very happy with this Wireless Bluetooth Earbuds, will definitely buy again from this brand.",Flipkart,happy wireless bluetooth earbuds definitely buy brand,positive,0.7713,positive,0.5,positive
115,Power Bank 10000mAh,Nisha,5,"Very happy with this Power Bank 10000mAh, will definitely buy again from this brand.",Amazon,happy power bank mah definitely buy brand,positive,0.7713,positive,0.5,positive
116,Office Chair,Deepak,5,Amazing value for money. The Office Chair looks premium and works great. Packaging was neat.,Amazon,amazing value money office chair look premium work great packaging neat,positive,0.9231,positive,0.7000000000000001,positive
117,Wireless Mouse,Anjali,1,"Terrible experience, the Wireless Mouse does not match the product description.",Flipkart,terrible experience wireless mouse not match product description,negative,-0.4767,negative,-1.0,negative
118,LED Desk Lamp,Divya,1,"Terrible experience, the LED Desk Lamp does not match the product description.",Flipkart,terrible experience led desk lamp not match product description,negative,-0.4767,negative,-1.0,negative
119,Smartphone Back Cover,Sneha,5,"This Smartphone Back Cover is fantastic, exactly as described. Very satisfied customer.",Amazon,smartphone back cover fantastic exactly described satisfied customer,positive,0.7713,positive,0.325,positive
120,USB-C Charging Cable,Karan,5,Great purchase! The USB-C Charging Cable is durable and easy to use.,Amazon,great purchase usb charging cable durable easy use,positive,0.807,positive,0.7166666666666667,positive
121,Kitchen Mixer Grinder,Sanjay,5,"Very happy with this Kitchen Mixer Grinder, will definitely buy again from this brand. Not sure if I will repurchase.",Amazon,happy kitchen mixer grinder definitely buy brand not sure repurchase,positive,0.6938,positive,0.25,positive
122,Cotton T-Shirt,Rohit,3,"Reasonable Cotton T-Shirt, matches the description mostly.",Flipkart,reasonable cotton shirt match description mostly,neutral,0.0,positive,0.35,neutral
123,Air Fryer,Vikram,1,Delivery was late and the Air Fryer was defective on arrival. Customer support responded quickly.,Flipkart,delivery late air fryer defective arrival customer support responded quickly,negative,-0.0516,neutral,0.016666666666666663,negative
124,Kitchen Mixer Grinder,Nisha,3,"Reasonable Kitchen Mixer Grinder, matches the description mostly.",Amazon,reasonable kitchen mixer grinder match description mostly,neutral,0.0,positive,0.35,neutral
125,Power Bank 10000mAh,Rahul,4,Impressed by the quality of the Power Bank 10000mAh. Packaging was also very good.,Amazon,impressed quality power bank mah packaging also good,positive,0.7425,positive,0.955,positive
126,Gaming Keyboard,Vikram,3,"Reasonable Gaming Keyboard, matches the description mostly.",Flipkart,reasonable gaming keyboard match description mostly,neutral,0.0,positive,0.35,neutral
127,Office Chair,Riya,2,"Really bad Office Chair, would not recommend to anyone.",Flipkart,really bad office chair would not recommend anyone,negative,-0.7098,negative,-0.6999999999999998,negative
128,Smartwatch,Sanjay,5,Best Smartwatch I have bought online. Great build quality and fast delivery. Customer support responded quickly.,Amazon,best smartwatch bought online great build quality fast delivery customer support responded quickly,positive,0.9001,positive,0.5833333333333334,positive
129,Gaming Keyboard,Sanjay,5,"This Gaming Keyboard is fantastic, exactly as described. Very satisfied customer.",Flipkart,gaming keyboard fantastic exactly described satisfied customer,positive,0.7713,positive,0.43333333333333335,positive
130,Gaming Keyboard,Manoj,5,"Very happy with this Gaming Keyboard, will definitely buy again from this brand.",Flipkart,happy gaming keyboard definitely buy brand,positive,0.7713,positive,0.5,positive
131,USB-C Charging Cable,Suresh,5,Impressed by the quality of the USB-C Charging Cable. Packaging was also very good.,Amazon,impressed quality usb charging cable packaging also good,positive,0.7425,positive,0.955,positive
132,Power Bank 10000mAh,Divya,5,"This Power Bank 10000mAh is fantastic, exactly as described. Very satisfied customer.",Amazon,power bank mah fantastic exactly described satisfied customer,positive,0.7713,positive,0.43333333333333335,positive
133,USB-C Charging Cable,Vikram,2,"I regret buying this USB-C Charging Cable, it stopped functioning after few uses.",Flipkart,regret buying usb charging cable stopped functioning us,negative,-0.5719,negative,-0.2,negative
134,Wireless Bluetooth Earbuds,Manoj,5,"Perfect Wireless Bluetooth Earbuds for daily use, no issues at all after a month.",Amazon,perfect wireless bluetooth earbuds daily use no issue month,positive,0.3612,positive,0.5,positive
135,LED Desk Lamp,Divya,3,"The LED Desk Lamp is okay, does the job but nothing special.",Amazon,led desk lamp okay job nothing special,negative,-0.3479,positive,0.4285714285714286,neutral
136,Smartphone Back Cover,Karan,5,"Very happy with this Smartphone Back Cover, will definitely buy again from this brand.",Amazon,happy smartphone back cover definitely buy brand,positive,0.7713,positive,0.3333333333333333,positive
137,Gaming Keyboard,Riya,5,Impressed by the quality of the Gaming Keyboard. Packaging was also very good.,Amazon,impressed quality gaming keyboard packaging also good,positive,0.7425,positive,0.955,positive
138,Air Fryer,Divya,5,"Very happy with this Air Fryer, will definitely buy again from this brand.",Amazon,happy air fryer definitely buy brand,positive,0.7713,positive,0.5,positive
139,Wireless Mouse,Amit,2,"Waste of money, the Wireless Mouse quality is really poor. Would consider buying again.",Amazon,waste money wireless mouse quality really poor would consider buying,negative,-0.7346,negative,-0.30000000000000004,negative
140,USB-C Charging Cable,Vikram,2,"Terrible experience, the USB-C Charging Cable does not match the product description.",Amazon,terrible experience usb charging cable not match product description,negative,-0.4767,negative,-1.0,negative
141,LED Desk Lamp,Karan,5,Best LED Desk Lamp I have bought online. Great build quality and fast delivery. Customer support responded quickly.,Amazon,best led desk lamp bought online great build quality fast delivery customer support responded quickly,positive,0.9001,positive,0.5833333333333334,positive
142,Kitchen Mixer Grinder,Arjun,3,"It's a fine Kitchen Mixer Grinder, met basic expectations, could be better.",Flipkart,fine kitchen mixer grinder met basic expectation could better,positive,0.5719,positive,0.3055555555555556,neutral
143,Bluetooth Speaker,Anjali,2,Delivery was late and the Bluetooth Speaker was defective on arrival.,Amazon,delivery late bluetooth speaker defective arrival,negative,-0.4404,negative,-0.3,negative
144,Kitchen Mixer Grinder,Divya,3,"Decent Kitchen Mixer Grinder for the price, some minor issues but usable.",Flipkart,decent kitchen mixer grinder price minor issue usable,neutral,0.0,neutral,0.05833333333333333,neutral
145,Kitchen Mixer Grinder,Sneha,2,"Not worth the price, this Kitchen Mixer Grinder broke on the second day.",Amazon,not worth price kitchen mixer grinder broke second day,negative,-0.5371,neutral,-0.075,negative
146,Running Shoes,Neha,2,"The Running Shoes is a total scam, completely different from the pictures.",Amazon,running shoe total scam completely different picture,negative,-0.5719,neutral,0.0,negative
147,Gaming Keyboard,Priya,1,"Terrible experience, the Gaming Keyboard does not match the product description.",Flipkart,terrible experience gaming keyboard not match product description,negative,-0.4767,negative,-1.0,negative
148,Gaming Keyboard,Kavya,3,"Decent Gaming Keyboard for the price, some minor issues but usable.",Flipkart,decent gaming keyboard price minor issue usable,neutral,0.0,neutral,0.05833333333333333,neutral
149,Smartwatch,Vikram,2,"The Smartwatch is a total scam, completely different from the pictures.",Amazon,smartwatch total scam completely different picture,negative,-0.5719,neutral,0.0,negative
150,Office Chair,Priya,2,Very disappointed with this Office Chair. Stopped working within a week.,Flipkart,disappointed office chair stopped working within week,negative,-0.6478,negative,-0.9750000000000001,negative
151,Power Bank 10000mAh,Anjali,5,"Very happy with this Power Bank 10000mAh, will definitely buy again from this brand.",Amazon,happy power bank mah definitely buy brand,positive,0.7713,positive,0.5,positive
152,Laptop Backpack,Arjun,2,"Poor build quality, the Laptop Backpack feels cheap and flimsy.",Flipkart,poor build quality laptop backpack feel cheap flimsy,negative,-0.4767,neutral,0.0,negative
153,Wireless Mouse,Rahul,4,Amazing value for money. The Wireless Mouse looks premium and works great.,Amazon,amazing value money wireless mouse look premium work great,positive,0.8834,positive,0.7000000000000001,positive
154,Wireless Mouse,Isha,3,"Okay-ish product, the Wireless Mouse performs as expected, nothing more.",Flipkart,okay ish product wireless mouse performs expected nothing,neutral,0.0,positive,0.2,neutral
155,Smartphone Back Cover,Manoj,2,Very disappointed with this Smartphone Back Cover. Stopped working within a week.,Flipkart,disappointed smartphone back cover stopped working within week,negative,-0.6478,negative,-0.48750000000000004,negative
156,Cotton T-Shirt,Pooja,2,"Terrible experience, the Cotton T-Shirt does not match the product description.",Amazon,terrible experience cotton shirt not match product description,negative,-0.4767,negative,-1.0,negative
157,Cotton T-Shirt,Kavya,5,Absolutely loved this Cotton T-Shirt! Works perfectly and arrived on time.,Amazon,absolutely loved cotton shirt work perfectly arrived time,positive,0.8653,positive,0.9375,positive
158,Cotton T-Shirt,Priya,2,"Terrible experience, the Cotton T-Shirt does not match the product description. Shipping was quick.",Flipkart,terrible experience cotton shirt not match product description shipping quick,negative,-0.4767,negative,-0.33333333333333337,negative
159,Kitchen Mixer Grinder,Pooja,5,"Superb product! The Kitchen Mixer Grinder exceeded my expectations, five stars.",Flipkart,superb product kitchen mixer grinder exceeded expectation five star,positive,0.6588,positive,1.0,positive
160,Air Fryer,Riya,2,The Air Fryer arrived damaged and customer service was unhelpful.,Flipkart,air fryer arrived damaged customer service unhelpful,negative,-0.4404,neutral,0.0,negative
161,Bluetooth Speaker,Kavya,5,Amazing value for money. The Bluetooth Speaker looks premium and works great.,Flipkart,amazing value money bluetooth speaker look premium work great,positive,0.8834,positive,0.7000000000000001,positive
162,Smartphone Back Cover,Pooja,3,"The Smartphone Back Cover is average, packaging could have been better.",Amazon,smartphone back cover average packaging could better,positive,0.4404,positive,0.11666666666666665,neutral
163,Running Shoes,Nisha,5,"Excellent quality Running Shoes, totally worth the price. Highly recommended! Packaging was neat.",Amazon,excellent quality running shoe totally worth price highly recommended packaging neat,positive,0.8828,positive,0.5,positive
164,Wireless Bluetooth Earbuds,Rohit,1,"Not worth the price, this Wireless Bluetooth Earbuds broke on the second day.",Amazon,not worth price wireless bluetooth earbuds broke second day,negative,-0.5371,neutral,-0.075,negative
165,Gaming Keyboard,Kavya,1,"Not worth the price, this Gaming Keyboard broke on the second day.",Flipkart,not worth price gaming keyboard broke second day,negative,-0.5371,neutral,-0.075,negative
166,Wireless Mouse,Vikram,4,"Perfect Wireless Mouse for daily use, no issues at all after a month.",Amazon,perfect wireless mouse daily use no issue month,positive,0.3612,positive,0.5,positive
167,LED Desk Lamp,Amit,4,Best LED Desk Lamp I have bought online. Great build quality and fast delivery.,Amazon,best led desk lamp bought online great build quality fast delivery,positive,0.8519,positive,0.6666666666666666,positive
168,Wireless Bluetooth Earbuds,Priya,5,"Superb product! The Wireless Bluetooth Earbuds exceeded my expectations, five stars. Would consider buying again.",Amazon,superb product wireless bluetooth earbuds exceeded expectation five star would consider buying,positive,0.6588,positive,1.0,positive
169,Power Bank 10000mAh,Pooja,4,"Excellent quality Power Bank 10000mAh, totally worth the price. Highly recommended!",Amazon,excellent quality power bank mah totally worth price highly recommended,positive,0.8062,positive,0.5,positive
170,Kitchen Mixer Grinder,Sanjay,4,"Perfect Kitchen Mixer Grinder for daily use, no issues at all after a month.",Flipkart,perfect kitchen mixer grinder daily use no issue month,positive,0.3612,positive,0.5,positive
171,Kitchen Mixer Grinder,Karan,1,Very disappointed with this Kitchen Mixer Grinder. Stopped working within a week.,Flipkart,disappointed kitchen mixer grinder stopped working within week,negative,-0.6478,negative,-0.9750000000000001,negative
172,Cotton T-Shirt,Suresh,4,Great purchase! The Cotton T-Shirt is durable and easy to use.,Amazon,great purchase cotton shirt durable easy use,positive,0.807,positive,0.7166666666666667,positive
173,Smartphone Back Cover,Nisha,5,"Perfect Smartphone Back Cover for daily use, no issues at all after a month.",Flipkart,perfect smartphone back cover daily use no issue month,positive,0.3612,positive,0.3333333333333333,positive
174,Kitchen Mixer Grinder,Sneha,4,"This Kitchen Mixer Grinder is fantastic, exactly as described. Very satisfied customer.",Amazon,kitchen mixer grinder fantastic exactly described satisfied customer,positive,0.7713,positive,0.43333333333333335,positive
175,Running Shoes,Manoj,5,"Superb product! The Running Shoes exceeded my expectations, five stars.",Flipkart,superb product running shoe exceeded expectation five star,positive,0.6588,positive,1.0,positive
176,Running Shoes,Arjun,2,"Poor build quality, the Running Shoes feels cheap and flimsy.",Flipkart,poor build quality running shoe feel cheap flimsy,negative,-0.4767,neutral,0.0,negative
177,Laptop Backpack,Rahul,1,Delivery was late and the Laptop Backpack was defective on arrival. Shipping was quick.,Flipkart,delivery late laptop backpack defective arrival shipping quick,negative,-0.4404,neutral,0.016666666666666663,negative
178,Smartphone Back Cover,Deepak,1,"Poor build quality, the Smartphone Back Cover feels cheap and flimsy.",Flipkart,poor build quality smartphone back cover feel cheap flimsy,negative,-0.4767,neutral,0.0,negative
179,Cotton T-Shirt,Priya,5,Amazing value for money. The Cotton T-Shirt looks premium and works great.,Flipkart,amazing value money cotton shirt look premium work great,positive,0.8834,positive,0.7000000000000001,positive
180,Air Fryer,Kavya,5,"Excellent quality Air Fryer, totally worth the price. Highly recommended! Not sure if I will repurchase.",Amazon,excellent quality air fryer totally worth price highly recommended not sure repurchase,positive,0.7229,positive,0.3125,positive
181,USB-C Charging Cable,Deepak,1,"Poor build quality, the USB-C Charging Cable feels cheap and flimsy.",Amazon,poor build quality usb charging cable feel cheap flimsy,negative,-0.4767,neutral,0.0,negative
182,Wireless Mouse,Arjun,4,Impressed by the quality of the Wireless Mouse. Packaging was also very good.,Amazon,impressed quality wireless mouse packaging also good,positive,0.7425,positive,0.955,positive
183,Laptop Backpack,Anjali,5,"Very happy with this Laptop Backpack, will definitely buy again from this brand.",Amazon,happy laptop backpack definitely buy brand,positive,0.7713,positive,0.5,positive
184,Air Fryer,Amit,1,"Waste of money, the Air Fryer quality is really poor.",Amazon,waste money air fryer quality really poor,negative,-0.7346,negative,-0.30000000000000004,negative
185,Power Bank 10000mAh,Anjali,5,"This Power Bank 10000mAh is fantastic, exactly as described. Very satisfied customer.",Flipkart,power bank mah fantastic exactly described satisfied customer,positive,0.7713,positive,0.43333333333333335,positive
186,Bluetooth Speaker,Vikram,1,"The Bluetooth Speaker is a total scam, completely different from the pictures.",Amazon,bluetooth speaker total scam completely different picture,negative,-0.5719,neutral,0.0,negative
187,Wireless Mouse,Divya,2,"Waste of money, the Wireless Mouse quality is really poor.",Flipkart,waste money wireless mouse quality really poor,negative,-0.7346,negative,-0.30000000000000004,negative
188,Air Fryer,Sneha,5,"Very happy with this Air Fryer, will definitely buy again from this brand.",Flipkart,happy air fryer definitely buy brand,positive,0.7713,positive,0.5,positive
189,Running Shoes,Neha,5,"Perfect Running Shoes for daily use, no issues at all after a month.",Amazon,perfect running shoe daily use no issue month,positive,0.3612,positive,0.5,positive
190,Smartwatch,Rohit,4,"Perfect Smartwatch for daily use, no issues at all after a month. Would consider buying again.",Amazon,perfect smartwatch daily use no issue month would consider buying,positive,0.3612,positive,0.5,positive
191,Wireless Mouse,Divya,4,Amazing value for money. The Wireless Mouse looks premium and works great.,Amazon,amazing value money wireless mouse look premium work great,positive,0.8834,positive,0.7000000000000001,positive
192,Laptop Backpack,Priya,5,"Superb product! The Laptop Backpack exceeded my expectations, five stars.",Flipkart,superb product laptop backpack exceeded expectation five star,positive,0.6588,positive,1.0,positive
193,Wireless Bluetooth Earbuds,Deepak,5,"Excellent quality Wireless Bluetooth Earbuds, totally worth the price. Highly recommended!",Flipkart,excellent quality wireless bluetooth earbuds totally worth price highly recommended,positive,0.8062,positive,0.5,positive
194,Power Bank 10000mAh,Suresh,1,"Terrible experience, the Power Bank 10000mAh does not match the product description.",Amazon,terrible experience power bank mah not match product description,negative,-0.4767,negative,-1.0,negative
195,Wireless Mouse,Pooja,3,"Reasonable Wireless Mouse, matches the description mostly.",Amazon,reasonable wireless mouse match description mostly,neutral,0.0,positive,0.35,neutral
196,Running Shoes,Sanjay,2,"Not worth the price, this Running Shoes broke on the second day.",Amazon,not worth price running shoe broke second day,negative,-0.5371,neutral,-0.075,negative
197,Running Shoes,Rahul,3,"The Running Shoes is average, packaging could have been better. Packaging was neat.",Amazon,running shoe average packaging could better packaging neat,positive,0.7096,positive,0.175,neutral
198,LED Desk Lamp,Vikram,5,Amazing value for money. The LED Desk Lamp looks premium and works great.,Amazon,amazing value money led desk lamp look premium work great,positive,0.8834,positive,0.7000000000000001,positive
199,Smartphone Back Cover,Rahul,5,"Superb product! The Smartphone Back Cover exceeded my expectations, five stars.",Amazon,superb product smartphone back cover exceeded expectation five star,positive,0.6588,positive,0.5,positive
200,Wireless Mouse,Deepak,2,Delivery was late and the Wireless Mouse was defective on arrival.,Flipkart,delivery late wireless mouse defective arrival,negative,-0.4404,negative,-0.3,negative
201,Gaming Keyboard,Riya,3,"The Gaming Keyboard is average, packaging could have been better. Shipping was quick.",Flipkart,gaming keyboard average packaging could better shipping quick,positive,0.4404,positive,0.22777777777777777,neutral
202,Cotton T-Shirt,Rahul,4,"Very happy with this Cotton T-Shirt, will definitely buy again from this brand.",Flipkart,happy cotton shirt definitely buy brand,positive,0.7713,positive,0.5,positive
203,Kitchen Mixer Grinder,Rahul,5,Absolutely loved this Kitchen Mixer Grinder! Works perfectly and arrived on time.,Amazon,absolutely loved kitchen mixer grinder work perfectly arrived time,positive,0.8653,positive,0.9375,positive
204,Air Fryer,Priya,2,"I regret buying this Air Fryer, it stopped functioning after few uses.",Flipkart,regret buying air fryer stopped functioning us,negative,-0.5719,negative,-0.2,negative
205,Office Chair,Sanjay,2,"Not worth the price, this Office Chair broke on the second day.",Amazon,not worth price office chair broke second day,negative,-0.5371,neutral,-0.075,negative
206,Wireless Bluetooth Earbuds,Anjali,4,Amazing value for money. The Wireless Bluetooth Earbuds looks premium and works great.,Amazon,amazing value money wireless bluetooth earbuds look premium work great,positive,0.8834,positive,0.7000000000000001,positive
207,Smartwatch,Neha,1,Delivery was late and the Smartwatch was defective on arrival.,Flipkart,delivery late smartwatch defective arrival,negative,-0.4404,negative,-0.3,negative
208,Running Shoes,Suresh,1,"The Running Shoes is a total scam, completely different from the pictures.",Amazon,running shoe total scam completely different picture,negative,-0.5719,neutral,0.0,negative
209,USB-C Charging Cable,Nisha,5,"This USB-C Charging Cable is fantastic, exactly as described. Very satisfied customer.",Amazon,usb charging cable fantastic exactly described satisfied customer,positive,0.7713,positive,0.43333333333333335,positive
210,USB-C Charging Cable,Karan,5,Best USB-C Charging Cable I have bought online. Great build quality and fast delivery.,Amazon,best usb charging cable bought online great build quality fast delivery,positive,0.8519,positive,0.6666666666666666,positive
211,Air Fryer,Suresh,2,"Waste of money, the Air Fryer quality is really poor.",Amazon,waste money air fryer quality really poor,negative,-0.7346,negative,-0.30000000000000004,negative
212,Cotton T-Shirt,Divya,1,"Really bad Cotton T-Shirt, would not recommend to anyone.",Flipkart,really bad cotton shirt would not recommend anyone,negative,-0.7098,negative,-0.6999999999999998,negative
213,Wireless Bluetooth Earbuds,Riya,5,Best Wireless Bluetooth Earbuds I have bought online. Great build quality and fast delivery.,Amazon,best wireless bluetooth earbuds bought online great build quality fast delivery,positive,0.8519,positive,0.6666666666666666,positive
214,Smartwatch,Sanjay,3,"It's a fine Smartwatch, met basic expectations, could be better. Shipping was quick.",Amazon,fine smartwatch met basic expectation could better shipping quick,positive,0.5719,positive,0.3125,neutral
215,Cotton T-Shirt,Vikram,5,"Perfect Cotton T-Shirt for daily use, no issues at all after a month.",Amazon,perfect cotton shirt daily use no issue month,positive,0.3612,positive,0.5,positive
216,Laptop Backpack,Priya,1,"The Laptop Backpack is a total scam, completely different from the pictures.",Flipkart,laptop backpack total scam completely different picture,negative,-0.5719,neutral,0.0,negative
217,USB-C Charging Cable,Manoj,2,"Not worth the price, this USB-C Charging Cable broke on the second day.",Amazon,not worth price usb charging cable broke second day,negative,-0.5371,neutral,-0.075,negative
218,LED Desk Lamp,Deepak,5,Great purchase! The LED Desk Lamp is durable and easy to use.,Flipkart,great purchase led desk lamp durable easy use,positive,0.807,positive,0.7166666666666667,positive
219,Kitchen Mixer Grinder,Rohit,2,"I regret buying this Kitchen Mixer Grinder, it stopped functioning after few uses.",Amazon,regret buying kitchen mixer grinder stopped functioning us,negative,-0.5719,negative,-0.2,negative
220,Gaming Keyboard,Sneha,5,Great purchase! The Gaming Keyboard is durable and easy to use.,Amazon,great purchase gaming keyboard durable easy use,positive,0.807,positive,0.7166666666666667,positive
221,Bluetooth Speaker,Sanjay,5,Best Bluetooth Speaker I have bought online. Great build quality and fast delivery.,Amazon,best bluetooth speaker bought online great build quality fast delivery,positive,0.8519,positive,0.6666666666666666,positive
222,Gaming Keyboard,Amit,5,"Superb product! The Gaming Keyboard exceeded my expectations, five stars.",Flipkart,superb product gaming keyboard exceeded expectation five star,positive,0.6588,positive,1.0,positive
223,Wireless Bluetooth Earbuds,Rahul,5,Amazing value for money. The Wireless Bluetooth Earbuds looks premium and works great.,Flipkart,amazing value money wireless bluetooth earbuds look premium work great,positive,0.8834,positive,0.7000000000000001,positive
224,Smartwatch,Vikram,5,"Excellent quality Smartwatch, totally worth the price. Highly recommended!",Amazon,excellent quality smartwatch totally worth price highly recommended,positive,0.8062,positive,0.5,positive
225,Bluetooth Speaker,Vikram,3,"Reasonable Bluetooth Speaker, matches the description mostly.",Flipkart,reasonable bluetooth speaker match description mostly,neutral,0.0,positive,0.35,neutral
226,Kitchen Mixer Grinder,Vikram,1,"Waste of money, the Kitchen Mixer Grinder quality is really poor.",Flipkart,waste money kitchen mixer grinder quality really poor,negative,-0.7346,negative,-0.30000000000000004,negative
227,Smartphone Back Cover,Divya,2,"Not worth the price, this Smartphone Back Cover broke on the second day. Packaging was neat.",Flipkart,not worth price smartphone back cover broke second day packaging neat,negative,-0.1195,neutral,-0.049999999999999996,negative
228,Smartphone Back Cover,Deepak,4,Great purchase! The Smartphone Back Cover is durable and easy to use.,Amazon,great purchase smartphone back cover durable easy use,positive,0.807,positive,0.4777777777777778,positive
229,Power Bank 10000mAh,Kavya,4,"This Power Bank 10000mAh is fantastic, exactly as described. Very satisfied customer.",Flipkart,power bank mah fantastic exactly described satisfied customer,positive,0.7713,positive,0.43333333333333335,positive
230,Laptop Backpack,Isha,2,"Waste of money, the Laptop Backpack quality is really poor. Customer support responded quickly.",Amazon,waste money laptop backpack quality really poor customer support responded quickly,negative,-0.4989,neutral,-0.08888888888888892,negative
231,Running Shoes,Pooja,3,"The Running Shoes is okay, does the job but nothing special.",Flipkart,running shoe okay job nothing special,negative,-0.3479,positive,0.4285714285714286,neutral
232,Power Bank 10000mAh,Sneha,5,"Excellent quality Power Bank 10000mAh, totally worth the price. Highly recommended!",Flipkart,excellent quality power bank mah totally worth price highly recommended,positive,0.8062,positive,0.5,positive
233,Laptop Backpack,Anjali,5,Impressed by the quality of the Laptop Backpack. Packaging was also very good.,Flipkart,impressed quality laptop backpack packaging also good,positive,0.7425,positive,0.955,positive
234,Power Bank 10000mAh,Priya,5,Best Power Bank 10000mAh I have bought online. Great build quality and fast delivery. Not sure if I will repurchase.,Flipkart,best power bank mah bought online great build quality fast delivery not sure repurchase,positive,0.8094,positive,0.4375,positive
235,Smartwatch,Neha,4,"Superb product! The Smartwatch exceeded my expectations, five stars.",Flipkart,superb product smartwatch exceeded expectation five star,positive,0.6588,positive,1.0,positive
236,Gaming Keyboard,Rohit,4,"Very happy with this Gaming Keyboard, will definitely buy again from this brand.",Flipkart,happy gaming keyboard definitely buy brand,positive,0.7713,positive,0.5,positive
237,USB-C Charging Cable,Suresh,3,"The USB-C Charging Cable is okay, does the job but nothing special.",Flipkart,usb charging cable okay job nothing special,negative,-0.3479,positive,0.4285714285714286,neutral
238,Smartphone Back Cover,Karan,2,"I regret buying this Smartphone Back Cover, it stopped functioning after few uses.",Flipkart,regret buying smartphone back cover stopped functioning us,negative,-0.5719,neutral,-0.1,negative
239,Laptop Backpack,Sanjay,5,Great purchase! The Laptop Backpack is durable and easy to use.,Flipkart,great purchase laptop backpack durable easy use,positive,0.807,positive,0.7166666666666667,positive
240,Wireless Mouse,Anjali,4,"This Wireless Mouse is fantastic, exactly as described. Very satisfied customer.",Flipkart,wireless mouse fantastic exactly described satisfied customer,positive,0.7713,positive,0.43333333333333335,positive
241,USB-C Charging Cable,Nisha,5,Amazing value for money. The USB-C Charging Cable looks premium and works great.,Flipkart,amazing value money usb charging cable look premium work great,positive,0.8834,positive,0.7000000000000001,positive
242,Laptop Backpack,Nisha,2,"Poor build quality, the Laptop Backpack feels cheap and flimsy. Would consider buying again.",Flipkart,poor build quality laptop backpack feel cheap flimsy would consider buying,negative,-0.4767,neutral,0.0,negative
243,Bluetooth Speaker,Karan,1,Very disappointed with this Bluetooth Speaker. Stopped working within a week.,Flipkart,disappointed bluetooth speaker stopped working within week,negative,-0.6478,negative,-0.9750000000000001,negative
244,LED Desk Lamp,Manoj,1,The LED Desk Lamp arrived damaged and customer service was unhelpful. Customer support responded quickly.,Amazon,led desk lamp arrived damaged customer service unhelpful customer support responded quickly,negative,-0.0516,positive,0.3333333333333333,negative
245,Laptop Backpack,Deepak,5,Amazing value for money. The Laptop Backpack looks premium and works great.,Amazon,amazing value money laptop backpack look premium work great,positive,0.8834,positive,0.7000000000000001,positive
246,Air Fryer,Rahul,5,Great purchase! The Air Fryer is durable and easy to use.,Amazon,great purchase air fryer durable easy use,positive,0.807,positive,0.7166666666666667,positive
247,LED Desk Lamp,Amit,5,Amazing value for money. The LED Desk Lamp looks premium and works great. Shipping was quick.,Amazon,amazing value money led desk lamp look premium work great shipping quick,positive,0.8834,positive,0.5777777777777778,positive
248,Kitchen Mixer Grinder,Arjun,4,Impressed by the quality of the Kitchen Mixer Grinder. Packaging was also very good.,Flipkart,impressed quality kitchen mixer grinder packaging also good,positive,0.7425,positive,0.955,positive
249,Smartwatch,Riya,3,"Decent Smartwatch for the price, some minor issues but usable.",Amazon,decent smartwatch price minor issue usable,neutral,0.0,neutral,0.05833333333333333,neutral
250,Smartphone Back Cover,Manoj,5,"Excellent quality Smartphone Back Cover, totally worth the price. Highly recommended!",Amazon,excellent quality smartphone back cover totally worth price highly recommended,positive,0.8062,positive,0.375,positive
251,Wireless Mouse,Isha,2,"Poor build quality, the Wireless Mouse feels cheap and flimsy.",Flipkart,poor build quality wireless mouse feel cheap flimsy,negative,-0.4767,neutral,0.0,negative
252,Office Chair,Sanjay,5,Best Office Chair I have bought online. Great build quality and fast delivery.,Amazon,best office chair bought online great build quality fast delivery,positive,0.8519,positive,0.6666666666666666,positive
253,Smartphone Back Cover,Amit,3,"It's a fine Smartphone Back Cover, met basic expectations, could be better. Not sure if I will repurchase.",Flipkart,fine smartphone back cover met basic expectation could better not sure repurchase,positive,0.4094,positive,0.13333333333333336,neutral
254,LED Desk Lamp,Rahul,1,Delivery was late and the LED Desk Lamp was defective on arrival.,Amazon,delivery late led desk lamp defective arrival,negative,-0.4404,negative,-0.3,negative
255,Bluetooth Speaker,Deepak,5,Great purchase! The Bluetooth Speaker is durable and easy to use.,Amazon,great purchase bluetooth speaker durable easy use,positive,0.807,positive,0.7166666666666667,positive
256,Laptop Backpack,Sanjay,3,"Average Laptop Backpack, quality is decent for the price range.",Flipkart,average laptop backpack quality decent price range,neutral,0.0,neutral,0.008333333333333331,neutral
257,Laptop Backpack,Vikram,3,"It's a fine Laptop Backpack, met basic expectations, could be better.",Flipkart,fine laptop backpack met basic expectation could better,positive,0.5719,positive,0.3055555555555556,neutral
258,LED Desk Lamp,Sanjay,3,"The LED Desk Lamp is okay, does the job but nothing special.",Amazon,led desk lamp okay job nothing special,negative,-0.3479,positive,0.4285714285714286,neutral
259,Bluetooth Speaker,Sanjay,5,Amazing value for money. The Bluetooth Speaker looks premium and works great.,Flipkart,amazing value money bluetooth speaker look premium work great,positive,0.8834,positive,0.7000000000000001,positive
260,Gaming Keyboard,Nisha,5,"Superb product! The Gaming Keyboard exceeded my expectations, five stars. Would consider buying again.",Amazon,superb product gaming keyboard exceeded expectation five star would consider buying,positive,0.6588,positive,1.0,positive
261,LED Desk Lamp,Nisha,1,"The LED Desk Lamp is a total scam, completely different from the pictures. Customer support responded quickly.",Flipkart,led desk lamp total scam completely different picture customer support responded quickly,negative,-0.25,positive,0.1111111111111111,negative
262,Gaming Keyboard,Amit,3,"The Gaming Keyboard is okay, does the job but nothing special.",Amazon,gaming keyboard okay job nothing special,negative,-0.3479,positive,0.4285714285714286,neutral
263,Wireless Bluetooth Earbuds,Deepak,3,"Decent Wireless Bluetooth Earbuds for the price, some minor issues but usable.",Flipkart,decent wireless bluetooth earbuds price minor issue usable,neutral,0.0,neutral,0.05833333333333333,neutral
264,Air Fryer,Neha,2,Delivery was late and the Air Fryer was defective on arrival.,Flipkart,delivery late air fryer defective arrival,negative,-0.4404,negative,-0.3,negative
265,Smartwatch,Priya,2,"I regret buying this Smartwatch, it stopped functioning after few uses.",Amazon,regret buying smartwatch stopped functioning us,negative,-0.5719,negative,-0.2,negative
266,Kitchen Mixer Grinder,Vikram,5,Great purchase! The Kitchen Mixer Grinder is durable and easy to use.,Flipkart,great purchase kitchen mixer grinder durable easy use,positive,0.807,positive,0.7166666666666667,positive
267,Gaming Keyboard,Sanjay,2,"Poor build quality, the Gaming Keyboard feels cheap and flimsy. Would consider buying again.",Amazon,poor build quality gaming keyboard feel cheap flimsy would consider buying,negative,-0.4767,neutral,0.0,negative
268,USB-C Charging Cable,Vikram,5,"Excellent quality USB-C Charging Cable, totally worth the price. Highly recommended!",Amazon,excellent quality usb charging cable totally worth price highly recommended,positive,0.8062,positive,0.5,positive
269,Wireless Bluetooth Earbuds,Suresh,5,"This Wireless Bluetooth Earbuds is fantastic, exactly as described. Very satisfied customer. Packaging was neat.",Flipkart,wireless bluetooth earbuds fantastic exactly described satisfied customer packaging neat,positive,0.8655,positive,0.43333333333333335,positive
270,Smartwatch,Neha,2,Delivery was late and the Smartwatch was defective on arrival.,Flipkart,delivery late smartwatch defective arrival,negative,-0.4404,negative,-0.3,negative
271,Wireless Bluetooth Earbuds,Rohit,5,"This Wireless Bluetooth Earbuds is fantastic, exactly as described. Very satisfied customer.",Flipkart,wireless bluetooth earbuds fantastic exactly described satisfied customer,positive,0.7713,positive,0.43333333333333335,positive
272,Wireless Bluetooth Earbuds,Amit,5,Great purchase! The Wireless Bluetooth Earbuds is durable and easy to use.,Amazon,great purchase wireless bluetooth earbuds durable easy use,positive,0.807,positive,0.7166666666666667,positive
273,Running Shoes,Pooja,5,"Very happy with this Running Shoes, will definitely buy again from this brand.",Amazon,happy running shoe definitely buy brand,positive,0.7713,positive,0.5,positive
274,Running Shoes,Neha,5,Impressed by the quality of the Running Shoes. Packaging was also very good.,Amazon,impressed quality running shoe packaging also good,positive,0.7425,positive,0.955,positive
275,Running Shoes,Nisha,5,Impressed by the quality of the Running Shoes. Packaging was also very good.,Amazon,impressed quality running shoe packaging also good,positive,0.7425,positive,0.955,positive
276,Laptop Backpack,Suresh,3,"Okay-ish product, the Laptop Backpack performs as expected, nothing more.",Flipkart,okay ish product laptop backpack performs expected nothing,neutral,0.0,positive,0.2,neutral
277,Wireless Mouse,Priya,5,"Perfect Wireless Mouse for daily use, no issues at all after a month.",Amazon,perfect wireless mouse daily use no issue month,positive,0.3612,positive,0.5,positive
278,Laptop Backpack,Vikram,2,Delivery was late and the Laptop Backpack was defective on arrival. Customer support responded quickly.,Flipkart,delivery late laptop backpack defective arrival customer support responded quickly,negative,-0.0516,neutral,0.016666666666666663,negative
279,Office Chair,Neha,2,The Office Chair arrived damaged and customer service was unhelpful.,Flipkart,office chair arrived damaged customer service unhelpful,negative,-0.4404,neutral,0.0,negative
280,LED Desk Lamp,Neha,2,"Really bad LED Desk Lamp, would not recommend to anyone.",Flipkart,really bad led desk lamp would not recommend anyone,negative,-0.7098,negative,-0.6999999999999998,negative
281,Gaming Keyboard,Deepak,4,Amazing value for money. The Gaming Keyboard looks premium and works great.,Flipkart,amazing value money gaming keyboard look premium work great,positive,0.8834,positive,0.7000000000000001,positive
282,Wireless Mouse,Arjun,3,"The Wireless Mouse is okay, does the job but nothing special.",Amazon,wireless mouse okay job nothing special,negative,-0.3479,positive,0.4285714285714286,neutral
283,Power Bank 10000mAh,Nisha,5,Great purchase! The Power Bank 10000mAh is durable and easy to use.,Flipkart,great purchase power bank mah durable easy use,positive,0.807,positive,0.7166666666666667,positive
284,Laptop Backpack,Sneha,1,"Not worth the price, this Laptop Backpack broke on the second day.",Amazon,not worth price laptop backpack broke second day,negative,-0.5371,neutral,-0.075,negative
285,Wireless Bluetooth Earbuds,Rohit,5,"This Wireless Bluetooth Earbuds is fantastic, exactly as described. Very satisfied customer.",Flipkart,wireless bluetooth earbuds fantastic exactly described satisfied customer,positive,0.7713,positive,0.43333333333333335,positive
286,LED Desk Lamp,Sanjay,1,Delivery was late and the LED Desk Lamp was defective on arrival.,Amazon,delivery late led desk lamp defective arrival,negative,-0.4404,negative,-0.3,negative
287,LED Desk Lamp,Anjali,5,Great purchase! The LED Desk Lamp is durable and easy to use.,Flipkart,great purchase led desk lamp durable easy use,positive,0.807,positive,0.7166666666666667,positive
288,Office Chair,Arjun,5,Impressed by the quality of the Office Chair. Packaging was also very good.,Flipkart,impressed quality office chair packaging also good,positive,0.7425,positive,0.955,positive
289,Smartwatch,Kavya,3,"Decent Smartwatch for the price, some minor issues but usable.",Flipkart,decent smartwatch price minor issue usable,neutral,0.0,neutral,0.05833333333333333,neutral
290,Wireless Mouse,Pooja,5,"Superb product! The Wireless Mouse exceeded my expectations, five stars.",Flipkart,superb product wireless mouse exceeded expectation five star,positive,0.6588,positive,1.0,positive
291,Bluetooth Speaker,Karan,5,Impressed by the quality of the Bluetooth Speaker. Packaging was also very good.,Flipkart,impressed quality bluetooth speaker packaging also good,positive,0.7425,positive,0.955,positive
292,Wireless Mouse,Rahul,1,"Terrible experience, the Wireless Mouse does not match the product description.",Flipkart,terrible experience wireless mouse not match product description,negative,-0.4767,negative,-1.0,negative
293,Office Chair,Arjun,5,"Very happy with this Office Chair, will definitely buy again from this brand. Customer support responded quickly.",Flipkart,happy office chair definitely buy brand customer support responded quickly,positive,0.8553,positive,0.4444444444444444,positive
294,Laptop Backpack,Sanjay,5,"Perfect Laptop Backpack for daily use, no issues at all after a month.",Amazon,perfect laptop backpack daily use no issue month,positive,0.3612,positive,0.5,positive
295,Cotton T-Shirt,Riya,5,"Excellent quality Cotton T-Shirt, totally worth the price. Highly recommended!",Amazon,excellent quality cotton shirt totally worth price highly recommended,positive,0.8062,positive,0.5,positive
296,Cotton T-Shirt,Riya,1,Very disappointed with this Cotton T-Shirt. Stopped working within a week.,Flipkart,disappointed cotton shirt stopped working within week,negative,-0.6478,negative,-0.9750000000000001,negative
297,Cotton T-Shirt,Priya,5,"Very happy with this Cotton T-Shirt, will definitely buy again from this brand.",Amazon,happy cotton shirt definitely buy brand,positive,0.7713,positive,0.5,positive
298,Cotton T-Shirt,Anjali,1,"Really bad Cotton T-Shirt, would not recommend to anyone.",Flipkart,really bad cotton shirt would not recommend anyone,negative,-0.7098,negative,-0.6999999999999998,negative
299,Office Chair,Anjali,2,Very disappointed with this Office Chair. Stopped working within a week.,Flipkart,disappointed office chair stopped working within week,negative,-0.6478,negative,-0.9750000000000001,negative
300,Office Chair,Suresh,4,"Very happy with this Office Chair, will definitely buy again from this brand.",Flipkart,happy office chair definitely buy brand,positive,0.7713,positive,0.5,positive
301,Kitchen Mixer Grinder,Vikram,3,"Reasonable Kitchen Mixer Grinder, matches the description mostly.",Flipkart,reasonable kitchen mixer grinder match description mostly,neutral,0.0,positive,0.35,neutral
302,Bluetooth Speaker,Arjun,5,"Excellent quality Bluetooth Speaker, totally worth the price. Highly recommended! Not sure if I will repurchase.",Amazon,excellent quality bluetooth speaker totally worth price highly recommended not sure repurchase,positive,0.7229,positive,0.3125,positive
303,Wireless Bluetooth Earbuds,Karan,1,"Terrible experience, the Wireless Bluetooth Earbuds does not match the product description.",Flipkart,terrible experience wireless bluetooth earbuds not match product description,negative,-0.4767,negative,-1.0,negative
304,LED Desk Lamp,Riya,4,"This LED Desk Lamp is fantastic, exactly as described. Very satisfied customer. Packaging was neat.",Flipkart,led desk lamp fantastic exactly described satisfied customer packaging neat,positive,0.8655,positive,0.43333333333333335,positive
305,Office Chair,Suresh,5,"Very happy with this Office Chair, will definitely buy again from this brand. Would consider buying again.",Flipkart,happy office chair definitely buy brand would consider buying,positive,0.7713,positive,0.5,positive
306,Air Fryer,Kavya,2,Very disappointed with this Air Fryer. Stopped working within a week.,Amazon,disappointed air fryer stopped working within week,negative,-0.6478,negative,-0.9750000000000001,negative
307,Cotton T-Shirt,Sanjay,5,"Very happy with this Cotton T-Shirt, will definitely buy again from this brand.",Flipkart,happy cotton shirt definitely buy brand,positive,0.7713,positive,0.5,positive
308,Power Bank 10000mAh,Kavya,5,"Very happy with this Power Bank 10000mAh, will definitely buy again from this brand.",Amazon,happy power bank mah definitely buy brand,positive,0.7713,positive,0.5,positive
309,Kitchen Mixer Grinder,Isha,5,"Perfect Kitchen Mixer Grinder for daily use, no issues at all after a month.",Flipkart,perfect kitchen mixer grinder daily use no issue month,positive,0.3612,positive,0.5,positive
310,Wireless Mouse,Nisha,5,"Superb product! The Wireless Mouse exceeded my expectations, five stars.",Amazon,superb product wireless mouse exceeded expectation five star,positive,0.6588,positive,1.0,positive
311,LED Desk Lamp,Sneha,4,Amazing value for money. The LED Desk Lamp looks premium and works great.,Amazon,amazing value money led desk lamp look premium work great,positive,0.8834,positive,0.7000000000000001,positive
312,Gaming Keyboard,Vikram,5,Impressed by the quality of the Gaming Keyboard. Packaging was also very good.,Amazon,impressed quality gaming keyboard packaging also good,positive,0.7425,positive,0.955,positive
313,USB-C Charging Cable,Deepak,3,"Reasonable USB-C Charging Cable, matches the description mostly. Packaging was neat.",Flipkart,reasonable usb charging cable match description mostly packaging neat,positive,0.4588,positive,0.35,neutral
314,Smartphone Back Cover,Manoj,3,"Reasonable Smartphone Back Cover, matches the description mostly.",Amazon,reasonable smartphone back cover match description mostly,neutral,0.0,positive,0.2333333333333333,neutral
315,LED Desk Lamp,Neha,4,"Perfect LED Desk Lamp for daily use, no issues at all after a month.",Amazon,perfect led desk lamp daily use no issue month,positive,0.3612,positive,0.5,positive
316,Running Shoes,Priya,5,Absolutely loved this Running Shoes! Works perfectly and arrived on time.,Flipkart,absolutely loved running shoe work perfectly arrived time,positive,0.8653,positive,0.9375,positive
317,USB-C Charging Cable,Rahul,1,"Really bad USB-C Charging Cable, would not recommend to anyone.",Flipkart,really bad usb charging cable would not recommend anyone,negative,-0.7098,negative,-0.6999999999999998,negative
318,Wireless Bluetooth Earbuds,Divya,5,Best Wireless Bluetooth Earbuds I have bought online. Great build quality and fast delivery.,Flipkart,best wireless bluetooth earbuds bought online great build quality fast delivery,positive,0.8519,positive,0.6666666666666666,positive
319,Office Chair,Isha,5,"This Office Chair is fantastic, exactly as described. Very satisfied customer.",Amazon,office chair fantastic exactly described satisfied customer,positive,0.7713,positive,0.43333333333333335,positive
320,Cotton T-Shirt,Karan,3,"Average Cotton T-Shirt, quality is decent for the price range. Customer support responded quickly.",Amazon,average cotton shirt quality decent price range customer support responded quickly,positive,0.4019,positive,0.11666666666666665,neutral
321,Power Bank 10000mAh,Neha,3,"The Power Bank 10000mAh is okay, does the job but nothing special.",Flipkart,power bank mah okay job nothing special,negative,-0.3479,positive,0.4285714285714286,neutral
322,Cotton T-Shirt,Kavya,2,"I regret buying this Cotton T-Shirt, it stopped functioning after few uses.",Flipkart,regret buying cotton shirt stopped functioning us,negative,-0.5719,negative,-0.2,negative
323,USB-C Charging Cable,Divya,4,"Superb product! The USB-C Charging Cable exceeded my expectations, five stars.",Amazon,superb product usb charging cable exceeded expectation five star,positive,0.6588,positive,1.0,positive
324,Smartwatch,Priya,4,"Excellent quality Smartwatch, totally worth the price. Highly recommended!",Amazon,excellent quality smartwatch totally worth price highly recommended,positive,0.8062,positive,0.5,positive
325,Power Bank 10000mAh,Priya,5,Great purchase! The Power Bank 10000mAh is durable and easy to use.,Amazon,great purchase power bank mah durable easy use,positive,0.807,positive,0.7166666666666667,positive
326,LED Desk Lamp,Deepak,3,"The LED Desk Lamp works fine, though delivery took longer than expected.",Flipkart,led desk lamp work fine though delivery took longer expected,positive,0.2023,positive,0.15833333333333333,neutral
327,Air Fryer,Vikram,1,"Poor build quality, the Air Fryer feels cheap and flimsy.",Amazon,poor build quality air fryer feel cheap flimsy,negative,-0.4767,neutral,0.0,negative
328,Running Shoes,Divya,5,Absolutely loved this Running Shoes! Works perfectly and arrived on time.,Flipkart,absolutely loved running shoe work perfectly arrived time,positive,0.8653,positive,0.9375,positive
329,Wireless Bluetooth Earbuds,Suresh,3,"Okay-ish product, the Wireless Bluetooth Earbuds performs as expected, nothing more.",Flipkart,okay ish product wireless bluetooth earbuds performs expected nothing,neutral,0.0,positive,0.2,neutral
330,Running Shoes,Riya,5,"This Running Shoes is fantastic, exactly as described. Very satisfied customer.",Amazon,running shoe fantastic exactly described satisfied customer,positive,0.7713,positive,0.43333333333333335,positive
331,Gaming Keyboard,Isha,5,Best Gaming Keyboard I have bought online. Great build quality and fast delivery.,Flipkart,best gaming keyboard bought online great build quality fast delivery,positive,0.8519,positive,0.6666666666666666,positive
332,Running Shoes,Suresh,2,The Running Shoes arrived damaged and customer service was unhelpful. Packaging was neat.,Amazon,running shoe arrived damaged customer service unhelpful packaging neat,neutral,0.0258,neutral,0.0,negative
333,Office Chair,Rohit,4,Amazing value for money. The Office Chair looks premium and works great.,Amazon,amazing value money office chair look premium work great,positive,0.8834,positive,0.7000000000000001,positive
334,Bluetooth Speaker,Rohit,4,"Perfect Bluetooth Speaker for daily use, no issues at all after a month.",Amazon,perfect bluetooth speaker daily use no issue month,positive,0.3612,positive,0.5,positive
335,Kitchen Mixer Grinder,Amit,5,Amazing value for money. The Kitchen Mixer Grinder looks premium and works great.,Amazon,amazing value money kitchen mixer grinder look premium work great,positive,0.8834,positive,0.7000000000000001,positive
336,Office Chair,Nisha,5,"Excellent quality Office Chair, totally worth the price. Highly recommended!",Amazon,excellent quality office chair totally worth price highly recommended,positive,0.8062,positive,0.5,positive
337,Running Shoes,Karan,3,"The Running Shoes is average, packaging could have been better.",Flipkart,running shoe average packaging could better,positive,0.4404,positive,0.175,neutral
338,LED Desk Lamp,Riya,2,"Terrible experience, the LED Desk Lamp does not match the product description.",Flipkart,terrible experience led desk lamp not match product description,negative,-0.4767,negative,-1.0,negative
339,Smartphone Back Cover,Pooja,2,Delivery was late and the Smartphone Back Cover was defective on arrival.,Flipkart,delivery late smartphone back cover defective arrival,negative,-0.4404,negative,-0.15,negative
340,Running Shoes,Deepak,5,"Superb product! The Running Shoes exceeded my expectations, five stars. Customer support responded quickly.",Flipkart,superb product running shoe exceeded expectation five star customer support responded quickly,positive,0.7959,positive,0.6666666666666666,positive
341,Bluetooth Speaker,Kavya,5,Amazing value for money. The Bluetooth Speaker looks premium and works great.,Flipkart,amazing value money bluetooth speaker look premium work great,positive,0.8834,positive,0.7000000000000001,positive
342,LED Desk Lamp,Riya,2,"Poor build quality, the LED Desk Lamp feels cheap and flimsy.",Flipkart,poor build quality led desk lamp feel cheap flimsy,negative,-0.4767,neutral,0.0,negative
343,Kitchen Mixer Grinder,Riya,5,Amazing value for money. The Kitchen Mixer Grinder looks premium and works great. Customer support responded quickly.,Amazon,amazing value money kitchen mixer grinder look premium work great customer support responded quickly,positive,0.9186,positive,0.5777777777777778,positive
344,Office Chair,Rahul,3,"The Office Chair is okay, does the job but nothing special.",Amazon,office chair okay job nothing special,negative,-0.3479,positive,0.4285714285714286,neutral
345,Wireless Mouse,Amit,5,Best Wireless Mouse I have bought online. Great build quality and fast delivery. Packaging was neat.,Amazon,best wireless mouse bought online great build quality fast delivery packaging neat,positive,0.9062,positive,0.6666666666666666,positive
346,LED Desk Lamp,Amit,5,Absolutely loved this LED Desk Lamp! Works perfectly and arrived on time.,Amazon,absolutely loved led desk lamp work perfectly arrived time,positive,0.8653,positive,0.9375,positive
347,LED Desk Lamp,Arjun,1,Very disappointed with this LED Desk Lamp. Stopped working within a week.,Flipkart,disappointed led desk lamp stopped working within week,negative,-0.6478,negative,-0.9750000000000001,negative
348,Wireless Bluetooth Earbuds,Sanjay,5,"This Wireless Bluetooth Earbuds is fantastic, exactly as described. Very satisfied customer. Shipping was quick.",Amazon,wireless bluetooth earbuds fantastic exactly described satisfied customer shipping quick,positive,0.7713,positive,0.4083333333333333,positive
349,Smartwatch,Arjun,5,Impressed by the quality of the Smartwatch. Packaging was also very good.,Flipkart,impressed quality smartwatch packaging also good,positive,0.7425,positive,0.955,positive
350,Smartphone Back Cover,Kavya,5,"This Smartphone Back Cover is fantastic, exactly as described. Very satisfied customer.",Flipkart,smartphone back cover fantastic exactly described satisfied customer,positive,0.7713,positive,0.325,positive
351,Cotton T-Shirt,Karan,1,"Waste of money, the Cotton T-Shirt quality is really poor. Not sure if I will repurchase.",Flipkart,waste money cotton shirt quality really poor not sure repurchase,negative,-0.8136,negative,-0.2833333333333334,negative
352,Wireless Bluetooth Earbuds,Divya,1,The Wireless Bluetooth Earbuds arrived damaged and customer service was unhelpful.,Flipkart,wireless bluetooth earbuds arrived damaged customer service unhelpful,negative,-0.4404,neutral,0.0,negative
353,Air Fryer,Priya,3,"Average Air Fryer, quality is decent for the price range.",Amazon,average air fryer quality decent price range,neutral,0.0,neutral,0.008333333333333331,neutral
354,Smartwatch,Rahul,3,"Reasonable Smartwatch, matches the description mostly.",Flipkart,reasonable smartwatch match description mostly,neutral,0.0,positive,0.35,neutral
355,Office Chair,Suresh,5,Absolutely loved this Office Chair! Works perfectly and arrived on time.,Amazon,absolutely loved office chair work perfectly arrived time,positive,0.8653,positive,0.9375,positive
356,Smartwatch,Deepak,1,"I regret buying this Smartwatch, it stopped functioning after few uses.",Amazon,regret buying smartwatch stopped functioning us,negative,-0.5719,negative,-0.2,negative
357,Air Fryer,Vikram,2,"I regret buying this Air Fryer, it stopped functioning after few uses.",Amazon,regret buying air fryer stopped functioning us,negative,-0.5719,negative,-0.2,negative
358,LED Desk Lamp,Rahul,1,"Poor build quality, the LED Desk Lamp feels cheap and flimsy. Packaging was neat.",Flipkart,poor build quality led desk lamp feel cheap flimsy packaging neat,neutral,-0.0258,neutral,0.0,negative
359,Air Fryer,Suresh,2,"The Air Fryer is a total scam, completely different from the pictures.",Amazon,air fryer total scam completely different picture,negative,-0.5719,neutral,0.0,negative
360,Cotton T-Shirt,Karan,5,Great purchase! The Cotton T-Shirt is durable and easy to use. Customer support responded quickly.,Flipkart,great purchase cotton shirt durable easy use customer support responded quickly,positive,0.8748,positive,0.5888888888888889,positive
361,Laptop Backpack,Neha,1,"I regret buying this Laptop Backpack, it stopped functioning after few uses.",Amazon,regret buying laptop backpack stopped functioning us,negative,-0.5719,negative,-0.2,negative
362,Power Bank 10000mAh,Vikram,5,"Very happy with this Power Bank 10000mAh, will definitely buy again from this brand.",Flipkart,happy power bank mah definitely buy brand,positive,0.7713,positive,0.5,positive
363,USB-C Charging Cable,Manoj,4,"Excellent quality USB-C Charging Cable, totally worth the price. Highly recommended!",Flipkart,excellent quality usb charging cable totally worth price highly recommended,positive,0.8062,positive,0.5,positive
364,Wireless Mouse,Isha,4,Best Wireless Mouse I have bought online. Great build quality and fast delivery. Not sure if I will repurchase.,Flipkart,best wireless mouse bought online great build quality fast delivery not sure repurchase,positive,0.8094,positive,0.4375,positive
365,Smartphone Back Cover,Suresh,4,Amazing value for money. The Smartphone Back Cover looks premium and works great.,Flipkart,amazing value money smartphone back cover look premium work great,positive,0.8834,positive,0.46666666666666673,positive
366,Wireless Bluetooth Earbuds,Isha,4,"This Wireless Bluetooth Earbuds is fantastic, exactly as described. Very satisfied customer.",Amazon,wireless bluetooth earbuds fantastic exactly described satisfied customer,positive,0.7713,positive,0.43333333333333335,positive
367,Air Fryer,Arjun,5,"This Air Fryer is fantastic, exactly as described. Very satisfied customer. Would consider buying again.",Flipkart,air fryer fantastic exactly described satisfied customer would consider buying,positive,0.7713,positive,0.43333333333333335,positive
368,Laptop Backpack,Riya,5,"This Laptop Backpack is fantastic, exactly as described. Very satisfied customer.",Amazon,laptop backpack fantastic exactly described satisfied customer,positive,0.7713,positive,0.43333333333333335,positive
369,USB-C Charging Cable,Rohit,5,"Superb product! The USB-C Charging Cable exceeded my expectations, five stars.",Flipkart,superb product usb charging cable exceeded expectation five star,positive,0.6588,positive,1.0,positive
370,Smartphone Back Cover,Nisha,5,Absolutely loved this Smartphone Back Cover! Works perfectly and arrived on time.,Flipkart,absolutely loved smartphone back cover work perfectly arrived time,positive,0.8653,positive,0.5666666666666667,positive
371,Wireless Mouse,Nisha,3,"Reasonable Wireless Mouse, matches the description mostly.",Amazon,reasonable wireless mouse match description mostly,neutral,0.0,positive,0.35,neutral
372,Bluetooth Speaker,Karan,5,"Superb product! The Bluetooth Speaker exceeded my expectations, five stars.",Flipkart,superb product bluetooth speaker exceeded expectation five star,positive,0.6588,positive,1.0,positive
373,Bluetooth Speaker,Arjun,1,Delivery was late and the Bluetooth Speaker was defective on arrival.,Flipkart,delivery late bluetooth speaker defective arrival,negative,-0.4404,negative,-0.3,negative
374,USB-C Charging Cable,Isha,5,"Perfect USB-C Charging Cable for daily use, no issues at all after a month.",Amazon,perfect usb charging cable daily use no issue month,positive,0.3612,positive,0.5,positive
375,Cotton T-Shirt,Rohit,2,Very disappointed with this Cotton T-Shirt. Stopped working within a week.,Flipkart,disappointed cotton shirt stopped working within week,negative,-0.6478,negative,-0.9750000000000001,negative
376,Wireless Mouse,Vikram,5,"Excellent quality Wireless Mouse, totally worth the price. Highly recommended!",Flipkart,excellent quality wireless mouse totally worth price highly recommended,positive,0.8062,positive,0.5,positive
377,Smartwatch,Rahul,5,Best Smartwatch I have bought online. Great build quality and fast delivery.,Flipkart,best smartwatch bought online great build quality fast delivery,positive,0.8519,positive,0.6666666666666666,positive
378,Air Fryer,Pooja,5,"This Air Fryer is fantastic, exactly as described. Very satisfied customer.",Amazon,air fryer fantastic exactly described satisfied customer,positive,0.7713,positive,0.43333333333333335,positive
379,Smartphone Back Cover,Priya,1,"Poor build quality, the Smartphone Back Cover feels cheap and flimsy.",Flipkart,poor build quality smartphone back cover feel cheap flimsy,negative,-0.4767,neutral,0.0,negative
380,Wireless Mouse,Kavya,4,"This Wireless Mouse is fantastic, exactly as described. Very satisfied customer. Would consider buying again.",Amazon,wireless mouse fantastic exactly described satisfied customer would consider buying,positive,0.7713,positive,0.43333333333333335,positive
381,Kitchen Mixer Grinder,Amit,5,Great purchase! The Kitchen Mixer Grinder is durable and easy to use.,Flipkart,great purchase kitchen mixer grinder durable easy use,positive,0.807,positive,0.7166666666666667,positive
382,Smartphone Back Cover,Vikram,4,"Excellent quality Smartphone Back Cover, totally worth the price. Highly recommended!",Flipkart,excellent quality smartphone back cover totally worth price highly recommended,positive,0.8062,positive,0.375,positive
383,Bluetooth Speaker,Sneha,5,"Superb product! The Bluetooth Speaker exceeded my expectations, five stars.",Flipkart,superb product bluetooth speaker exceeded expectation five star,positive,0.6588,positive,1.0,positive
384,Power Bank 10000mAh,Sneha,1,"Poor build quality, the Power Bank 10000mAh feels cheap and flimsy.",Amazon,poor build quality power bank mah feel cheap flimsy,negative,-0.4767,neutral,0.0,negative
385,Gaming Keyboard,Kavya,5,"Excellent quality Gaming Keyboard, totally worth the price. Highly recommended!",Amazon,excellent quality gaming keyboard totally worth price highly recommended,positive,0.8062,positive,0.5,positive
386,LED Desk Lamp,Kavya,5,Impressed by the quality of the LED Desk Lamp. Packaging was also very good.,Flipkart,impressed quality led desk lamp packaging also good,positive,0.7425,positive,0.955,positive
387,Cotton T-Shirt,Rohit,5,"This Cotton T-Shirt is fantastic, exactly as described. Very satisfied customer. Customer support responded quickly.",Flipkart,cotton shirt fantastic exactly described satisfied customer customer support responded quickly,positive,0.8553,positive,0.4083333333333333,positive
388,Air Fryer,Rahul,5,Absolutely loved this Air Fryer! Works perfectly and arrived on time.,Amazon,absolutely loved air fryer work perfectly arrived time,positive,0.8653,positive,0.9375,positive
389,Wireless Mouse,Rohit,3,"It's a fine Wireless Mouse, met basic expectations, could be better.",Flipkart,fine wireless mouse met basic expectation could better,positive,0.5719,positive,0.3055555555555556,neutral
390,Smartphone Back Cover,Nisha,5,Great purchase! The Smartphone Back Cover is durable and easy to use.,Flipkart,great purchase smartphone back cover durable easy use,positive,0.807,positive,0.4777777777777778,positive
391,Air Fryer,Neha,5,Amazing value for money. The Air Fryer looks premium and works great.,Amazon,amazing value money air fryer look premium work great,positive,0.8834,positive,0.7000000000000001,positive
392,Cotton T-Shirt,Anjali,5,"Excellent quality Cotton T-Shirt, totally worth the price. Highly recommended!",Flipkart,excellent quality cotton shirt totally worth price highly recommended,positive,0.8062,positive,0.5,positive
393,Power Bank 10000mAh,Deepak,5,"This Power Bank 10000mAh is fantastic, exactly as described. Very satisfied customer.",Flipkart,power bank mah fantastic exactly described satisfied customer,positive,0.7713,positive,0.43333333333333335,positive
394,Running Shoes,Riya,5,Impressed by the quality of the Running Shoes. Packaging was also very good.,Flipkart,impressed quality running shoe packaging also good,positive,0.7425,positive,0.955,positive
395,Laptop Backpack,Amit,4,Great purchase! The Laptop Backpack is durable and easy to use.,Flipkart,great purchase laptop backpack durable easy use,positive,0.807,positive,0.7166666666666667,positive
396,Laptop Backpack,Riya,5,"This Laptop Backpack is fantastic, exactly as described. Very satisfied customer.",Flipkart,laptop backpack fantastic exactly described satisfied customer,positive,0.7713,positive,0.43333333333333335,positive
397,Power Bank 10000mAh,Kavya,1,Delivery was late and the Power Bank 10000mAh was defective on arrival. Shipping was quick.,Flipkart,delivery late power bank mah defective arrival shipping quick,negative,-0.4404,neutral,0.016666666666666663,negative
398,Wireless Bluetooth Earbuds,Deepak,5,Impressed by the quality of the Wireless Bluetooth Earbuds. Packaging was also very good. Not sure if I will repurchase.,Flipkart,impressed quality wireless bluetooth earbuds packaging also good not sure repurchase,positive,0.6209,positive,0.5533333333333333,positive
399,LED Desk Lamp,Isha,4,"Perfect LED Desk Lamp for daily use, no issues at all after a month.",Flipkart,perfect led desk lamp daily use no issue month,positive,0.3612,positive,0.5,positive
400,LED Desk Lamp,Divya,2,Very disappointed with this LED Desk Lamp. Stopped working within a week.,Amazon,disappointed led desk lamp stopped working within week,negative,-0.6478,negative,-0.9750000000000001,negative
401,Power Bank 10000mAh,Priya,2,"Not worth the price, this Power Bank 10000mAh broke on the second day.",Flipkart,not worth price power bank mah broke second day,negative,-0.5371,neutral,-0.075,negative
402,Bluetooth Speaker,Sneha,5,"Excellent quality Bluetooth Speaker, totally worth the price. Highly recommended!",Amazon,excellent quality bluetooth speaker totally worth price highly recommended,positive,0.8062,positive,0.5,positive
403,Smartwatch,Nisha,2,"The Smartwatch is a total scam, completely different from the pictures.",Flipkart,smartwatch total scam completely different picture,negative,-0.5719,neutral,0.0,negative
404,Laptop Backpack,Deepak,1,"Not worth the price, this Laptop Backpack broke on the second day.",Flipkart,not worth price laptop backpack broke second day,negative,-0.5371,neutral,-0.075,negative
405,LED Desk Lamp,Neha,5,Impressed by the quality of the LED Desk Lamp. Packaging was also very good.,Flipkart,impressed quality led desk lamp packaging also good,positive,0.7425,positive,0.955,positive
406,Air Fryer,Priya,4,Impressed by the quality of the Air Fryer. Packaging was also very good. Not sure if I will repurchase.,Flipkart,impressed quality air fryer packaging also good not sure repurchase,positive,0.6209,positive,0.5533333333333333,positive
407,Gaming Keyboard,Kavya,1,The Gaming Keyboard arrived damaged and customer service was unhelpful. Would consider buying again.,Flipkart,gaming keyboard arrived damaged customer service unhelpful would consider buying,negative,-0.4404,neutral,0.0,negative
408,Kitchen Mixer Grinder,Rahul,5,"Very happy with this Kitchen Mixer Grinder, will definitely buy again from this brand.",Amazon,happy kitchen mixer grinder definitely buy brand,positive,0.7713,positive,0.5,positive
409,Running Shoes,Riya,5,"Very happy with this Running Shoes, will definitely buy again from this brand.",Flipkart,happy running shoe definitely buy brand,positive,0.7713,positive,0.5,positive
410,Air Fryer,Pooja,5,"Excellent quality Air Fryer, totally worth the price. Highly recommended!",Amazon,excellent quality air fryer totally worth price highly recommended,positive,0.8062,positive,0.5,positive
411,Wireless Mouse,Riya,5,"Superb product! The Wireless Mouse exceeded my expectations, five stars.",Flipkart,superb product wireless mouse exceeded expectation five star,positive,0.6588,positive,1.0,positive
412,USB-C Charging Cable,Riya,1,"Poor build quality, the USB-C Charging Cable feels cheap and flimsy.",Flipkart,poor build quality usb charging cable feel cheap flimsy,negative,-0.4767,neutral,0.0,negative
413,Office Chair,Amit,1,Very disappointed with this Office Chair. Stopped working within a week. Not sure if I will repurchase.,Amazon,disappointed office chair stopped working within week not sure repurchase,negative,-0.7395,negative,-0.6125,negative
414,Office Chair,Divya,3,"Reasonable Office Chair, matches the description mostly.",Amazon,reasonable office chair match description mostly,neutral,0.0,positive,0.35,neutral
415,Power Bank 10000mAh,Rahul,3,"Decent Power Bank 10000mAh for the price, some minor issues but usable. Would consider buying again.",Flipkart,decent power bank mah price minor issue usable would consider buying,neutral,0.0,neutral,0.05833333333333333,neutral
416,Bluetooth Speaker,Neha,4,Best Bluetooth Speaker I have bought online. Great build quality and fast delivery.,Amazon,best bluetooth speaker bought online great build quality fast delivery,positive,0.8519,positive,0.6666666666666666,positive
417,Running Shoes,Vikram,1,"Waste of money, the Running Shoes quality is really poor. Shipping was quick.",Amazon,waste money running shoe quality really poor shipping quick,negative,-0.7346,neutral,-0.08888888888888892,negative
418,LED Desk Lamp,Sneha,1,Very disappointed with this LED Desk Lamp. Stopped working within a week.,Flipkart,disappointed led desk lamp stopped working within week,negative,-0.6478,negative,-0.9750000000000001,negative
419,Power Bank 10000mAh,Sneha,5,"Excellent quality Power Bank 10000mAh, totally worth the price. Highly recommended!",Amazon,excellent quality power bank mah totally worth price highly recommended,positive,0.8062,positive,0.5,positive
420,USB-C Charging Cable,Vikram,5,"Very happy with this USB-C Charging Cable, will definitely buy again from this brand.",Amazon,happy usb charging cable definitely buy brand,positive,0.7713,positive,0.5,positive
421,Smartphone Back Cover,Rohit,5,Absolutely loved this Smartphone Back Cover! Works perfectly and arrived on time.,Amazon,absolutely loved smartphone back cover work perfectly arrived time,positive,0.8653,positive,0.5666666666666667,positive
422,Office Chair,Vikram,5,Great purchase! The Office Chair is durable and easy to use. Shipping was quick.,Amazon,great purchase office chair durable easy use shipping quick,positive,0.807,positive,0.5888888888888889,positive
423,Air Fryer,Vikram,2,"Poor build quality, the Air Fryer feels cheap and flimsy.",Amazon,poor build quality air fryer feel cheap flimsy,negative,-0.4767,neutral,0.0,negative
424,Bluetooth Speaker,Amit,2,"Not worth the price, this Bluetooth Speaker broke on the second day.",Flipkart,not worth price bluetooth speaker broke second day,negative,-0.5371,neutral,-0.075,negative
425,Smartwatch,Neha,5,Impressed by the quality of the Smartwatch. Packaging was also very good.,Amazon,impressed quality smartwatch packaging also good,positive,0.7425,positive,0.955,positive
426,Wireless Mouse,Sneha,3,"The Wireless Mouse works fine, though delivery took longer than expected.",Amazon,wireless mouse work fine though delivery took longer expected,positive,0.2023,positive,0.15833333333333333,neutral
427,Kitchen Mixer Grinder,Suresh,1,"Waste of money, the Kitchen Mixer Grinder quality is really poor.",Amazon,waste money kitchen mixer grinder quality really poor,negative,-0.7346,negative,-0.30000000000000004,negative
428,Running Shoes,Anjali,3,"Okay-ish product, the Running Shoes performs as expected, nothing more.",Flipkart,okay ish product running shoe performs expected nothing,neutral,0.0,positive,0.2,neutral
429,Wireless Mouse,Priya,4,"Perfect Wireless Mouse for daily use, no issues at all after a month. Packaging was neat.",Amazon,perfect wireless mouse daily use no issue month packaging neat,positive,0.6705,positive,0.5,positive
430,Wireless Mouse,Karan,5,"Very happy with this Wireless Mouse, will definitely buy again from this brand.",Amazon,happy wireless mouse definitely buy brand,positive,0.7713,positive,0.5,positive
431,Cotton T-Shirt,Neha,5,"Perfect Cotton T-Shirt for daily use, no issues at all after a month.",Amazon,perfect cotton shirt daily use no issue month,positive,0.3612,positive,0.5,positive
432,LED Desk Lamp,Karan,3,"It's a fine LED Desk Lamp, met basic expectations, could be better.",Amazon,fine led desk lamp met basic expectation could better,positive,0.5719,positive,0.3055555555555556,neutral
433,Bluetooth Speaker,Sneha,1,"Not worth the price, this Bluetooth Speaker broke on the second day. Not sure if I will repurchase.",Flipkart,not worth price bluetooth speaker broke second day not sure repurchase,negative,-0.6628,negative,-0.13333333333333333,negative
434,Air Fryer,Vikram,1,"Terrible experience, the Air Fryer does not match the product description.",Amazon,terrible experience air fryer not match product description,negative,-0.4767,negative,-1.0,negative
435,Laptop Backpack,Arjun,5,Amazing value for money. The Laptop Backpack looks premium and works great. Packaging was neat.,Amazon,amazing value money laptop backpack look premium work great packaging neat,positive,0.9231,positive,0.7000000000000001,positive
436,Wireless Mouse,Arjun,3,"The Wireless Mouse is average, packaging could have been better.",Amazon,wireless mouse average packaging could better,positive,0.4404,positive,0.175,neutral
437,Bluetooth Speaker,Sanjay,1,"The Bluetooth Speaker is a total scam, completely different from the pictures.",Flipkart,bluetooth speaker total scam completely different picture,negative,-0.5719,neutral,0.0,negative
438,Wireless Bluetooth Earbuds,Arjun,5,"Perfect Wireless Bluetooth Earbuds for daily use, no issues at all after a month.",Amazon,perfect wireless bluetooth earbuds daily use no issue month,positive,0.3612,positive,0.5,positive
439,Office Chair,Amit,1,"Waste of money, the Office Chair quality is really poor.",Amazon,waste money office chair quality really poor,negative,-0.7346,negative,-0.30000000000000004,negative
440,Gaming Keyboard,Karan,3,"The Gaming Keyboard works fine, though delivery took longer than expected. Would consider buying again.",Amazon,gaming keyboard work fine though delivery took longer expected would consider buying,positive,0.2023,positive,0.15833333333333333,neutral
441,Laptop Backpack,Divya,3,"The Laptop Backpack is okay, does the job but nothing special.",Amazon,laptop backpack okay job nothing special,negative,-0.3479,positive,0.4285714285714286,neutral
442,USB-C Charging Cable,Deepak,5,Amazing value for money. The USB-C Charging Cable looks premium and works great.,Flipkart,amazing value money usb charging cable look premium work great,positive,0.8834,positive,0.7000000000000001,positive
443,Smartphone Back Cover,Priya,5,Absolutely loved this Smartphone Back Cover! Works perfectly and arrived on time. Customer support responded quickly.,Flipkart,absolutely loved smartphone back cover work perfectly arrived time customer support responded quickly,positive,0.9078,positive,0.5083333333333333,positive
444,Smartphone Back Cover,Neha,3,"Decent Smartphone Back Cover for the price, some minor issues but usable.",Flipkart,decent smartphone back cover price minor issue usable,neutral,0.0,neutral,0.03888888888888888,neutral
445,Smartphone Back Cover,Neha,2,Very disappointed with this Smartphone Back Cover. Stopped working within a week. Customer support responded quickly.,Amazon,disappointed smartphone back cover stopped working within week customer support responded quickly,negative,-0.3804,negative,-0.21388888888888893,negative
446,Kitchen Mixer Grinder,Isha,5,Great purchase! The Kitchen Mixer Grinder is durable and easy to use.,Amazon,great purchase kitchen mixer grinder durable easy use,positive,0.807,positive,0.7166666666666667,positive
447,Laptop Backpack,Amit,4,"This Laptop Backpack is fantastic, exactly as described. Very satisfied customer. Would consider buying again.",Flipkart,laptop backpack fantastic exactly described satisfied customer would consider buying,positive,0.7713,positive,0.43333333333333335,positive
448,Wireless Bluetooth Earbuds,Kavya,2,"I regret buying this Wireless Bluetooth Earbuds, it stopped functioning after few uses. Customer support responded quickly.",Flipkart,regret buying wireless bluetooth earbuds stopped functioning us customer support responded quickly,negative,-0.25,neutral,0.06666666666666665,negative
449,Kitchen Mixer Grinder,Rahul,3,"It's a fine Kitchen Mixer Grinder, met basic expectations, could be better.",Amazon,fine kitchen mixer grinder met basic expectation could better,positive,0.5719,positive,0.3055555555555556,neutral
450,Office Chair,Pooja,5,Impressed by the quality of the Office Chair. Packaging was also very good.,Flipkart,impressed quality office chair packaging also good,positive,0.7425,positive,0.955,positive
451,Power Bank 10000mAh,Karan,5,"Excellent quality Power Bank 10000mAh, totally worth the price. Highly recommended!",Amazon,excellent quality power bank mah totally worth price highly recommended,positive,0.8062,positive,0.5,positive
452,Air Fryer,Suresh,1,"I regret buying this Air Fryer, it stopped functioning after few uses. Would consider buying again.",Flipkart,regret buying air fryer stopped functioning us would consider buying,negative,-0.5719,negative,-0.2,negative
453,Power Bank 10000mAh,Kavya,2,"Poor build quality, the Power Bank 10000mAh feels cheap and flimsy.",Amazon,poor build quality power bank mah feel cheap flimsy,negative,-0.4767,neutral,0.0,negative
454,Smartwatch,Manoj,4,"Perfect Smartwatch for daily use, no issues at all after a month. Packaging was neat.",Flipkart,perfect smartwatch daily use no issue month packaging neat,positive,0.6705,positive,0.5,positive
455,USB-C Charging Cable,Rohit,5,Impressed by the quality of the USB-C Charging Cable. Packaging was also very good.,Flipkart,impressed quality usb charging cable packaging also good,positive,0.7425,positive,0.955,positive
456,Bluetooth Speaker,Neha,4,"Excellent quality Bluetooth Speaker, totally worth the price. Highly recommended!",Amazon,excellent quality bluetooth speaker totally worth price highly recommended,positive,0.8062,positive,0.5,positive
457,Smartwatch,Pooja,1,"Poor build quality, the Smartwatch feels cheap and flimsy. Packaging was neat.",Flipkart,poor build quality smartwatch feel cheap flimsy packaging neat,neutral,-0.0258,neutral,0.0,negative
458,LED Desk Lamp,Anjali,5,"Very happy with this LED Desk Lamp, will definitely buy again from this brand.",Amazon,happy led desk lamp definitely buy brand,positive,0.7713,positive,0.5,positive
459,Running Shoes,Vikram,3,"The Running Shoes works fine, though delivery took longer than expected. Shipping was quick.",Amazon,running shoe work fine though delivery took longer expected shipping quick,positive,0.2023,positive,0.21666666666666665,neutral
460,Wireless Bluetooth Earbuds,Pooja,5,"Superb product! The Wireless Bluetooth Earbuds exceeded my expectations, five stars. Not sure if I will repurchase.",Amazon,superb product wireless bluetooth earbuds exceeded expectation five star not sure repurchase,positive,0.5315,positive,0.375,positive
461,Air Fryer,Rohit,1,"Waste of money, the Air Fryer quality is really poor.",Flipkart,waste money air fryer quality really poor,negative,-0.7346,negative,-0.30000000000000004,negative
462,Wireless Mouse,Priya,4,Amazing value for money. The Wireless Mouse looks premium and works great. Not sure if I will repurchase.,Amazon,amazing value money wireless mouse look premium work great not sure repurchase,positive,0.8533,positive,0.38333333333333336,positive
463,Office Chair,Divya,2,"I regret buying this Office Chair, it stopped functioning after few uses.",Amazon,regret buying office chair stopped functioning us,negative,-0.5719,negative,-0.2,negative
464,USB-C Charging Cable,Vikram,5,Best USB-C Charging Cable I have bought online. Great build quality and fast delivery.,Amazon,best usb charging cable bought online great build quality fast delivery,positive,0.8519,positive,0.6666666666666666,positive
465,Air Fryer,Isha,2,"Not worth the price, this Air Fryer broke on the second day.",Flipkart,not worth price air fryer broke second day,negative,-0.5371,neutral,-0.075,negative
466,Wireless Bluetooth Earbuds,Sanjay,5,"This Wireless Bluetooth Earbuds is fantastic, exactly as described. Very satisfied customer.",Amazon,wireless bluetooth earbuds fantastic exactly described satisfied customer,positive,0.7713,positive,0.43333333333333335,positive
467,Cotton T-Shirt,Pooja,3,"The Cotton T-Shirt is okay, does the job but nothing special.",Flipkart,cotton shirt okay job nothing special,negative,-0.3479,positive,0.4285714285714286,neutral
468,LED Desk Lamp,Anjali,2,"Poor build quality, the LED Desk Lamp feels cheap and flimsy.",Amazon,poor build quality led desk lamp feel cheap flimsy,negative,-0.4767,neutral,0.0,negative
469,USB-C Charging Cable,Sanjay,2,Very disappointed with this USB-C Charging Cable. Stopped working within a week. Not sure if I will repurchase.,Flipkart,disappointed usb charging cable stopped working within week not sure repurchase,negative,-0.7395,negative,-0.6125,negative
470,Wireless Mouse,Kavya,1,"Not worth the price, this Wireless Mouse broke on the second day.",Flipkart,not worth price wireless mouse broke second day,negative,-0.5371,neutral,-0.075,negative
471,LED Desk Lamp,Karan,1,Very disappointed with this LED Desk Lamp. Stopped working within a week.,Flipkart,disappointed led desk lamp stopped working within week,negative,-0.6478,negative,-0.9750000000000001,negative
472,Office Chair,Pooja,1,The Office Chair arrived damaged and customer service was unhelpful. Would consider buying again.,Amazon,office chair arrived damaged customer service unhelpful would consider buying,negative,-0.4404,neutral,0.0,negative
473,Power Bank 10000mAh,Rohit,1,"The Power Bank 10000mAh is a total scam, completely different from the pictures.",Flipkart,power bank mah total scam completely different picture,negative,-0.5719,neutral,0.0,negative
474,LED Desk Lamp,Nisha,4,Great purchase! The LED Desk Lamp is durable and easy to use. Packaging was neat.,Amazon,great purchase led desk lamp durable easy use packaging neat,positive,0.8832,positive,0.7166666666666667,positive
475,Wireless Bluetooth Earbuds,Rohit,5,Absolutely loved this Wireless Bluetooth Earbuds! Works perfectly and arrived on time.,Amazon,absolutely loved wireless bluetooth earbuds work perfectly arrived time,positive,0.8653,positive,0.9375,positive
476,USB-C Charging Cable,Vikram,1,"Poor build quality, the USB-C Charging Cable feels cheap and flimsy. Customer support responded quickly.",Amazon,poor build quality usb charging cable feel cheap flimsy customer support responded quickly,negative,-0.1027,positive,0.1111111111111111,negative
477,Gaming Keyboard,Karan,4,Amazing value for money. The Gaming Keyboard looks premium and works great.,Amazon,amazing value money gaming keyboard look premium work great,positive,0.8834,positive,0.7000000000000001,positive
478,USB-C Charging Cable,Divya,5,Best USB-C Charging Cable I have bought online. Great build quality and fast delivery.,Flipkart,best usb charging cable bought online great build quality fast delivery,positive,0.8519,positive,0.6666666666666666,positive
479,Cotton T-Shirt,Anjali,5,Impressed by the quality of the Cotton T-Shirt. Packaging was also very good. Customer support responded quickly.,Flipkart,impressed quality cotton shirt packaging also good customer support responded quickly,positive,0.8503,positive,0.7477777777777778,positive
480,Bluetooth Speaker,Deepak,1,"Terrible experience, the Bluetooth Speaker does not match the product description. Shipping was quick.",Flipkart,terrible experience bluetooth speaker not match product description shipping quick,negative,-0.4767,negative,-0.33333333333333337,negative
481,Gaming Keyboard,Nisha,3,"The Gaming Keyboard is okay, does the job but nothing special. Would consider buying again.",Amazon,gaming keyboard okay job nothing special would consider buying,negative,-0.3479,positive,0.4285714285714286,neutral
482,Cotton T-Shirt,Rahul,1,Delivery was late and the Cotton T-Shirt was defective on arrival.,Amazon,delivery late cotton shirt defective arrival,negative,-0.4404,negative,-0.3,negative
483,USB-C Charging Cable,Rahul,3,"It's a fine USB-C Charging Cable, met basic expectations, could be better.",Flipkart,fine usb charging cable met basic expectation could better,positive,0.5719,positive,0.3055555555555556,neutral
484,Kitchen Mixer Grinder,Pooja,5,"Superb product! The Kitchen Mixer Grinder exceeded my expectations, five stars.",Flipkart,superb product kitchen mixer grinder exceeded expectation five star,positive,0.6588,positive,1.0,positive
485,Wireless Mouse,Divya,4,Absolutely loved this Wireless Mouse! Works perfectly and arrived on time.,Amazon,absolutely loved wireless mouse work perfectly arrived time,positive,0.8653,positive,0.9375,positive
486,Office Chair,Sneha,5,"This Office Chair is fantastic, exactly as described. Very satisfied customer.",Flipkart,office chair fantastic exactly described satisfied customer,positive,0.7713,positive,0.43333333333333335,positive
487,Wireless Mouse,Priya,3,"The Wireless Mouse works fine, though delivery took longer than expected. Shipping was quick.",Flipkart,wireless mouse work fine though delivery took longer expected shipping quick,positive,0.2023,positive,0.21666666666666665,neutral
488,Wireless Bluetooth Earbuds,Karan,4,"Excellent quality Wireless Bluetooth Earbuds, totally worth the price. Highly recommended!",Amazon,excellent quality wireless bluetooth earbuds totally worth price highly recommended,positive,0.8062,positive,0.5,positive
489,Power Bank 10000mAh,Nisha,5,"Excellent quality Power Bank 10000mAh, totally worth the price. Highly recommended!",Flipkart,excellent quality power bank mah totally worth price highly recommended,positive,0.8062,positive,0.5,positive
490,Power Bank 10000mAh,Suresh,5,Best Power Bank 10000mAh I have bought online. Great build quality and fast delivery. Shipping was quick.,Amazon,best power bank mah bought online great build quality fast delivery shipping quick,positive,0.8519,positive,0.5833333333333334,positive
491,Smartwatch,Neha,5,Impressed by the quality of the Smartwatch. Packaging was also very good.,Amazon,impressed quality smartwatch packaging also good,positive,0.7425,positive,0.955,positive
492,Smartphone Back Cover,Amit,5,"Perfect Smartphone Back Cover for daily use, no issues at all after a month. Would consider buying again.",Flipkart,perfect smartphone back cover daily use no issue month would consider buying,positive,0.3612,positive,0.3333333333333333,positive
493,Smartphone Back Cover,Rohit,5,"Perfect Smartphone Back Cover for daily use, no issues at all after a month. Shipping was quick.",Amazon,perfect smartphone back cover daily use no issue month shipping quick,positive,0.3612,positive,0.3333333333333333,positive
494,Cotton T-Shirt,Neha,5,"Excellent quality Cotton T-Shirt, totally worth the price. Highly recommended!",Flipkart,excellent quality cotton shirt totally worth price highly recommended,positive,0.8062,positive,0.5,positive
495,Kitchen Mixer Grinder,Karan,4,"Very happy with this Kitchen Mixer Grinder, will definitely buy again from this brand.",Amazon,happy kitchen mixer grinder definitely buy brand,positive,0.7713,positive,0.5,positive
496,USB-C Charging Cable,Arjun,3,"The USB-C Charging Cable is average, packaging could have been better. Shipping was quick.",Flipkart,usb charging cable average packaging could better shipping quick,positive,0.4404,positive,0.22777777777777777,neutral
497,Kitchen Mixer Grinder,Sneha,4,"Very happy with this Kitchen Mixer Grinder, will definitely buy again from this brand.",Amazon,happy kitchen mixer grinder definitely buy brand,positive,0.7713,positive,0.5,positive
498,Cotton T-Shirt,Deepak,5,Impressed by the quality of the Cotton T-Shirt. Packaging was also very good.,Amazon,impressed quality cotton shirt packaging also good,positive,0.7425,positive,0.955,positive
499,LED Desk Lamp,Riya,5,"This LED Desk Lamp is fantastic, exactly as described. Very satisfied customer.",Amazon,led desk lamp fantastic exactly described satisfied customer,positive,0.7713,positive,0.43333333333333335,positive
500,Kitchen Mixer Grinder,Sanjay,4,"This Kitchen Mixer Grinder is fantastic, exactly as described. Very satisfied customer.",Amazon,kitchen mixer grinder fantastic exactly described satisfied customer,positive,0.7713,positive,0.43333333333333335,positive
501,Smartphone Back Cover,Rohit,3,"Reasonable Smartphone Back Cover, matches the description mostly. Packaging was neat.",Amazon,reasonable smartphone back cover match description mostly packaging neat,positive,0.4588,positive,0.2333333333333333,neutral
502,Laptop Backpack,Vikram,5,"Excellent quality Laptop Backpack, totally worth the price. Highly recommended!",Flipkart,excellent quality laptop backpack totally worth price highly recommended,positive,0.8062,positive,0.5,positive
503,USB-C Charging Cable,Karan,3,"Average USB-C Charging Cable, quality is decent for the price range. Customer support responded quickly.",Flipkart,average usb charging cable quality decent price range customer support responded quickly,positive,0.4019,positive,0.11666666666666665,neutral
504,Gaming Keyboard,Nisha,4,Great purchase! The Gaming Keyboard is durable and easy to use.,Flipkart,great purchase gaming keyboard durable easy use,positive,0.807,positive,0.7166666666666667,positive
505,Smartphone Back Cover,Deepak,4,Best Smartphone Back Cover I have bought online. Great build quality and fast delivery.,Amazon,best smartphone back cover bought online great build quality fast delivery,positive,0.8519,positive,0.5,positive
506,Wireless Mouse,Arjun,5,Impressed by the quality of the Wireless Mouse. Packaging was also very good.,Flipkart,impressed quality wireless mouse packaging also good,positive,0.7425,positive,0.955,positive
507,Cotton T-Shirt,Karan,5,"Perfect Cotton T-Shirt for daily use, no issues at all after a month. Would consider buying again.",Amazon,perfect cotton shirt daily use no issue month would consider buying,positive,0.3612,positive,0.5,positive
508,Air Fryer,Suresh,1,"I regret buying this Air Fryer, it stopped functioning after few uses.",Amazon,regret buying air fryer stopped functioning us,negative,-0.5719,negative,-0.2,negative
509,Wireless Bluetooth Earbuds,Neha,2,"Terrible experience, the Wireless Bluetooth Earbuds does not match the product description. Would consider buying again.",Flipkart,terrible experience wireless bluetooth earbuds not match product description would consider buying,negative,-0.4767,negative,-1.0,negative
510,Gaming Keyboard,Manoj,5,"Excellent quality Gaming Keyboard, totally worth the price. Highly recommended!",Flipkart,excellent quality gaming keyboard totally worth price highly recommended,positive,0.8062,positive,0.5,positive
511,Bluetooth Speaker,Divya,1,"The Bluetooth Speaker is a total scam, completely different from the pictures. Packaging was neat.",Flipkart,bluetooth speaker total scam completely different picture packaging neat,negative,-0.1779,neutral,0.0,negative
512,Wireless Mouse,Anjali,4,Amazing value for money. The Wireless Mouse looks premium and works great.,Amazon,amazing value money wireless mouse look premium work great,positive,0.8834,positive,0.7000000000000001,positive
513,Bluetooth Speaker,Sanjay,1,"I regret buying this Bluetooth Speaker, it stopped functioning after few uses.",Amazon,regret buying bluetooth speaker stopped functioning us,negative,-0.5719,negative,-0.2,negative
514,Laptop Backpack,Priya,4,"Superb product! The Laptop Backpack exceeded my expectations, five stars. Not sure if I will repurchase.",Flipkart,superb product laptop backpack exceeded expectation five star not sure repurchase,positive,0.5315,positive,0.375,positive
515,Power Bank 10000mAh,Sneha,5,Amazing value for money. The Power Bank 10000mAh looks premium and works great.,Amazon,amazing value money power bank mah look premium work great,positive,0.8834,positive,0.7000000000000001,positive
516,Smartwatch,Deepak,5,"Perfect Smartwatch for daily use, no issues at all after a month. Not sure if I will repurchase.",Flipkart,perfect smartwatch daily use no issue month not sure repurchase,positive,0.1376,positive,0.25,positive
517,USB-C Charging Cable,Karan,4,"Very happy with this USB-C Charging Cable, will definitely buy again from this brand.",Amazon,happy usb charging cable definitely buy brand,positive,0.7713,positive,0.5,positive
518,Laptop Backpack,Kavya,3,"The Laptop Backpack works fine, though delivery took longer than expected.",Amazon,laptop backpack work fine though delivery took longer expected,positive,0.2023,positive,0.15833333333333333,neutral
519,Bluetooth Speaker,Amit,1,"Really bad Bluetooth Speaker, would not recommend to anyone.",Flipkart,really bad bluetooth speaker would not recommend anyone,negative,-0.7098,negative,-0.6999999999999998,negative
520,Office Chair,Neha,4,Best Office Chair I have bought online. Great build quality and fast delivery. Customer support responded quickly.,Flipkart,best office chair bought online great build quality fast delivery customer support responded quickly,positive,0.9001,positive,0.5833333333333334,positive
521,Running Shoes,Rohit,3,"The Running Shoes is average, packaging could have been better.",Flipkart,running shoe average packaging could better,positive,0.4404,positive,0.175,neutral
522,Bluetooth Speaker,Amit,2,"The Bluetooth Speaker is a total scam, completely different from the pictures.",Flipkart,bluetooth speaker total scam completely different picture,negative,-0.5719,neutral,0.0,negative
523,LED Desk Lamp,Sneha,2,"The LED Desk Lamp is a total scam, completely different from the pictures.",Flipkart,led desk lamp total scam completely different picture,negative,-0.5719,neutral,0.0,negative
524,Smartphone Back Cover,Arjun,5,"Very happy with this Smartphone Back Cover, will definitely buy again from this brand.",Flipkart,happy smartphone back cover definitely buy brand,positive,0.7713,positive,0.3333333333333333,positive
525,Smartwatch,Nisha,4,"Superb product! The Smartwatch exceeded my expectations, five stars.",Flipkart,superb product smartwatch exceeded expectation five star,positive,0.6588,positive,1.0,positive
526,Cotton T-Shirt,Neha,4,Best Cotton T-Shirt I have bought online. Great build quality and fast delivery.,Flipkart,best cotton shirt bought online great build quality fast delivery,positive,0.8519,positive,0.6666666666666666,positive
527,Office Chair,Deepak,4,"This Office Chair is fantastic, exactly as described. Very satisfied customer.",Amazon,office chair fantastic exactly described satisfied customer,positive,0.7713,positive,0.43333333333333335,positive
528,USB-C Charging Cable,Pooja,2,"Not worth the price, this USB-C Charging Cable broke on the second day.",Flipkart,not worth price usb charging cable broke second day,negative,-0.5371,neutral,-0.075,negative
529,Gaming Keyboard,Riya,5,Impressed by the quality of the Gaming Keyboard. Packaging was also very good.,Amazon,impressed quality gaming keyboard packaging also good,positive,0.7425,positive,0.955,positive
530,Power Bank 10000mAh,Suresh,5,Impressed by the quality of the Power Bank 10000mAh. Packaging was also very good.,Amazon,impressed quality power bank mah packaging also good,positive,0.7425,positive,0.955,positive
531,Smartwatch,Suresh,5,"Very happy with this Smartwatch, will definitely buy again from this brand.",Flipkart,happy smartwatch definitely buy brand,positive,0.7713,positive,0.5,positive
532,Bluetooth Speaker,Deepak,1,Delivery was late and the Bluetooth Speaker was defective on arrival.,Amazon,delivery late bluetooth speaker defective arrival,negative,-0.4404,negative,-0.3,negative
533,Kitchen Mixer Grinder,Karan,3,"Average Kitchen Mixer Grinder, quality is decent for the price range.",Flipkart,average kitchen mixer grinder quality decent price range,neutral,0.0,neutral,0.008333333333333331,neutral
534,Running Shoes,Suresh,5,Best Running Shoes I have bought online. Great build quality and fast delivery.,Flipkart,best running shoe bought online great build quality fast delivery,positive,0.8519,positive,0.6666666666666666,positive
535,Air Fryer,Anjali,3,"Reasonable Air Fryer, matches the description mostly.",Amazon,reasonable air fryer match description mostly,neutral,0.0,positive,0.35,neutral
536,Kitchen Mixer Grinder,Amit,5,Best Kitchen Mixer Grinder I have bought online. Great build quality and fast delivery.,Flipkart,best kitchen mixer grinder bought online great build quality fast delivery,positive,0.8519,positive,0.6666666666666666,positive
537,Bluetooth Speaker,Rahul,5,Best Bluetooth Speaker I have bought online. Great build quality and fast delivery.,Amazon,best bluetooth speaker bought online great build quality fast delivery,positive,0.8519,positive,0.6666666666666666,positive
538,Air Fryer,Riya,5,"This Air Fryer is fantastic, exactly as described. Very satisfied customer.",Flipkart,air fryer fantastic exactly described satisfied customer,positive,0.7713,positive,0.43333333333333335,positive
539,Wireless Bluetooth Earbuds,Suresh,5,"Superb product! The Wireless Bluetooth Earbuds exceeded my expectations, five stars.",Amazon,superb product wireless bluetooth earbuds exceeded expectation five star,positive,0.6588,positive,1.0,positive
540,Wireless Bluetooth Earbuds,Pooja,1,"Not worth the price, this Wireless Bluetooth Earbuds broke on the second day.",Flipkart,not worth price wireless bluetooth earbuds broke second day,negative,-0.5371,neutral,-0.075,negative
541,Laptop Backpack,Neha,5,Impressed by the quality of the Laptop Backpack. Packaging was also very good. Shipping was quick.,Flipkart,impressed quality laptop backpack packaging also good shipping quick,positive,0.7425,positive,0.7477777777777778,positive
542,Kitchen Mixer Grinder,Vikram,2,"The Kitchen Mixer Grinder is a total scam, completely different from the pictures.",Flipkart,kitchen mixer grinder total scam completely different picture,negative,-0.5719,neutral,0.0,negative
543,Office Chair,Karan,5,"Superb product! The Office Chair exceeded my expectations, five stars.",Amazon,superb product office chair exceeded expectation five star,positive,0.6588,positive,1.0,positive
544,Smartwatch,Deepak,5,Best Smartwatch I have bought online. Great build quality and fast delivery.,Amazon,best smartwatch bought online great build quality fast delivery,positive,0.8519,positive,0.6666666666666666,positive
545,Smartphone Back Cover,Arjun,5,Absolutely loved this Smartphone Back Cover! Works perfectly and arrived on time.,Amazon,absolutely loved smartphone back cover work perfectly arrived time,positive,0.8653,positive,0.5666666666666667,positive
546,Air Fryer,Amit,3,"Average Air Fryer, quality is decent for the price range.",Amazon,average air fryer quality decent price range,neutral,0.0,neutral,0.008333333333333331,neutral
547,Power Bank 10000mAh,Riya,5,Great purchase! The Power Bank 10000mAh is durable and easy to use. Would consider buying again.,Amazon,great purchase power bank mah durable easy use would consider buying,positive,0.807,positive,0.7166666666666667,positive
548,Smartwatch,Sneha,2,Very disappointed with this Smartwatch. Stopped working within a week.,Flipkart,disappointed smartwatch stopped working within week,negative,-0.6478,negative,-0.9750000000000001,negative
549,Air Fryer,Sneha,2,The Air Fryer arrived damaged and customer service was unhelpful.,Amazon,air fryer arrived damaged customer service unhelpful,negative,-0.4404,neutral,0.0,negative
550,Bluetooth Speaker,Arjun,5,"Excellent quality Bluetooth Speaker, totally worth the price. Highly recommended! Packaging was neat.",Amazon,excellent quality bluetooth speaker totally worth price highly recommended packaging neat,positive,0.8828,positive,0.5,positive
551,USB-C Charging Cable,Rohit,1,"Terrible experience, the USB-C Charging Cable does not match the product description. Not sure if I will repurchase.",Flipkart,terrible experience usb charging cable not match product description not sure repurchase,negative,-0.6202,negative,-0.625,negative
552,USB-C Charging Cable,Deepak,4,Absolutely loved this USB-C Charging Cable! Works perfectly and arrived on time.,Flipkart,absolutely loved usb charging cable work perfectly arrived time,positive,0.8653,positive,0.9375,positive
553,Laptop Backpack,Sneha,3,"Average Laptop Backpack, quality is decent for the price range.",Flipkart,average laptop backpack quality decent price range,neutral,0.0,neutral,0.008333333333333331,neutral
554,Cotton T-Shirt,Sneha,5,"Very happy with this Cotton T-Shirt, will definitely buy again from this brand.",Amazon,happy cotton shirt definitely buy brand,positive,0.7713,positive,0.5,positive
555,Gaming Keyboard,Suresh,5,"Very happy with this Gaming Keyboard, will definitely buy again from this brand.",Flipkart,happy gaming keyboard definitely buy brand,positive,0.7713,positive,0.5,positive
556,Power Bank 10000mAh,Anjali,4,Absolutely loved this Power Bank 10000mAh! Works perfectly and arrived on time.,Flipkart,absolutely loved power bank mah work perfectly arrived time,positive,0.8653,positive,0.9375,positive
557,USB-C Charging Cable,Rahul,3,"Decent USB-C Charging Cable for the price, some minor issues but usable.",Flipkart,decent usb charging cable price minor issue usable,neutral,0.0,neutral,0.05833333333333333,neutral
558,Gaming Keyboard,Manoj,5,"Excellent quality Gaming Keyboard, totally worth the price. Highly recommended!",Flipkart,excellent quality gaming keyboard totally worth price highly recommended,positive,0.8062,positive,0.5,positive
559,Gaming Keyboard,Anjali,5,Great purchase! The Gaming Keyboard is durable and easy to use.,Amazon,great purchase gaming keyboard durable easy use,positive,0.807,positive,0.7166666666666667,positive
560,Laptop Backpack,Riya,1,Very disappointed with this Laptop Backpack. Stopped working within a week. Customer support responded quickly.,Flipkart,disappointed laptop backpack stopped working within week customer support responded quickly,negative,-0.3804,negative,-0.3208333333333334,negative
561,Laptop Backpack,Vikram,1,"Poor build quality, the Laptop Backpack feels cheap and flimsy.",Flipkart,poor build quality laptop backpack feel cheap flimsy,negative,-0.4767,neutral,0.0,negative
562,Office Chair,Suresh,5,"This Office Chair is fantastic, exactly as described. Very satisfied customer. Would consider buying again.",Amazon,office chair fantastic exactly described satisfied customer would consider buying,positive,0.7713,positive,0.43333333333333335,positive
563,Power Bank 10000mAh,Suresh,3,"The Power Bank 10000mAh works fine, though delivery took longer than expected.",Amazon,power bank mah work fine though delivery took longer expected,positive,0.2023,positive,0.15833333333333333,neutral
564,Running Shoes,Karan,2,"Not worth the price, this Running Shoes broke on the second day.",Amazon,not worth price running shoe broke second day,negative,-0.5371,neutral,-0.075,negative
565,Gaming Keyboard,Sanjay,1,"The Gaming Keyboard is a total scam, completely different from the pictures. Packaging was neat.",Flipkart,gaming keyboard total scam completely different picture packaging neat,negative,-0.1779,neutral,0.0,negative
566,Gaming Keyboard,Suresh,4,Best Gaming Keyboard I have bought online. Great build quality and fast delivery.,Amazon,best gaming keyboard bought online great build quality fast delivery,positive,0.8519,positive,0.6666666666666666,positive
567,USB-C Charging Cable,Isha,3,"The USB-C Charging Cable is okay, does the job but nothing special.",Flipkart,usb charging cable okay job nothing special,negative,-0.3479,positive,0.4285714285714286,neutral
568,Running Shoes,Deepak,2,"Waste of money, the Running Shoes quality is really poor.",Flipkart,waste money running shoe quality really poor,negative,-0.7346,negative,-0.30000000000000004,negative
569,Smartphone Back Cover,Riya,3,"Reasonable Smartphone Back Cover, matches the description mostly.",Amazon,reasonable smartphone back cover match description mostly,neutral,0.0,positive,0.2333333333333333,neutral
570,Smartphone Back Cover,Nisha,4,Absolutely loved this Smartphone Back Cover! Works perfectly and arrived on time.,Flipkart,absolutely loved smartphone back cover work perfectly arrived time,positive,0.8653,positive,0.5666666666666667,positive
571,Office Chair,Pooja,5,"Superb product! The Office Chair exceeded my expectations, five stars.",Amazon,superb product office chair exceeded expectation five star,positive,0.6588,positive,1.0,positive
572,Gaming Keyboard,Nisha,5,Great purchase! The Gaming Keyboard is durable and easy to use.,Flipkart,great purchase gaming keyboard durable easy use,positive,0.807,positive,0.7166666666666667,positive
573,Power Bank 10000mAh,Kavya,1,Delivery was late and the Power Bank 10000mAh was defective on arrival.,Amazon,delivery late power bank mah defective arrival,negative,-0.4404,negative,-0.3,negative
574,USB-C Charging Cable,Priya,5,"Very happy with this USB-C Charging Cable, will definitely buy again from this brand.",Amazon,happy usb charging cable definitely buy brand,positive,0.7713,positive,0.5,positive
575,Kitchen Mixer Grinder,Rohit,4,"This Kitchen Mixer Grinder is fantastic, exactly as described. Very satisfied customer.",Amazon,kitchen mixer grinder fantastic exactly described satisfied customer,positive,0.7713,positive,0.43333333333333335,positive
576,Smartphone Back Cover,Suresh,3,"Okay-ish product, the Smartphone Back Cover performs as expected, nothing more. Packaging was neat.",Amazon,okay ish product smartphone back cover performs expected nothing packaging neat,positive,0.5046,positive,0.13333333333333333,neutral
577,Wireless Mouse,Manoj,4,"Perfect Wireless Mouse for daily use, no issues at all after a month.",Flipkart,perfect wireless mouse daily use no issue month,positive,0.3612,positive,0.5,positive
578,Cotton T-Shirt,Amit,1,"Really bad Cotton T-Shirt, would not recommend to anyone.",Amazon,really bad cotton shirt would not recommend anyone,negative,-0.7098,negative,-0.6999999999999998,negative
579,LED Desk Lamp,Anjali,3,"Reasonable LED Desk Lamp, matches the description mostly.",Amazon,reasonable led desk lamp match description mostly,neutral,0.0,positive,0.35,neutral
580,Power Bank 10000mAh,Nisha,2,"Waste of money, the Power Bank 10000mAh quality is really poor.",Flipkart,waste money power bank mah quality really poor,negative,-0.7346,negative,-0.30000000000000004,negative
581,LED Desk Lamp,Kavya,3,"Okay-ish product, the LED Desk Lamp performs as expected, nothing more.",Flipkart,okay ish product led desk lamp performs expected nothing,neutral,0.0,positive,0.2,neutral
582,Running Shoes,Vikram,3,"Decent Running Shoes for the price, some minor issues but usable.",Amazon,decent running shoe price minor issue usable,neutral,0.0,neutral,0.05833333333333333,neutral
583,Running Shoes,Isha,2,"Really bad Running Shoes, would not recommend to anyone.",Flipkart,really bad running shoe would not recommend anyone,negative,-0.7098,negative,-0.6999999999999998,negative
584,Power Bank 10000mAh,Neha,1,"Really bad Power Bank 10000mAh, would not recommend to anyone. Customer support responded quickly.",Flipkart,really bad power bank mah would not recommend anyone customer support responded quickly,negative,-0.4944,negative,-0.18333333333333326,negative
585,Office Chair,Pooja,2,The Office Chair arrived damaged and customer service was unhelpful.,Flipkart,office chair arrived damaged customer service unhelpful,negative,-0.4404,neutral,0.0,negative
586,Air Fryer,Divya,2,"I regret buying this Air Fryer, it stopped functioning after few uses.",Amazon,regret buying air fryer stopped functioning us,negative,-0.5719,negative,-0.2,negative
587,LED Desk Lamp,Rohit,5,"This LED Desk Lamp is fantastic, exactly as described. Very satisfied customer. Shipping was quick.",Flipkart,led desk lamp fantastic exactly described satisfied customer shipping quick,positive,0.7713,positive,0.4083333333333333,positive
588,Wireless Mouse,Neha,2,"Terrible experience, the Wireless Mouse does not match the product description. Shipping was quick.",Amazon,terrible experience wireless mouse not match product description shipping quick,negative,-0.4767,negative,-0.33333333333333337,negative
589,Wireless Mouse,Isha,5,Amazing value for money. The Wireless Mouse looks premium and works great.,Amazon,amazing value money wireless mouse look premium work great,positive,0.8834,positive,0.7000000000000001,positive
590,Power Bank 10000mAh,Neha,1,"I regret buying this Power Bank 10000mAh, it stopped functioning after few uses.",Amazon,regret buying power bank mah stopped functioning us,negative,-0.5719,negative,-0.2,negative
591,Office Chair,Priya,5,"This Office Chair is fantastic, exactly as described. Very satisfied customer.",Amazon,office chair fantastic exactly described satisfied customer,positive,0.7713,positive,0.43333333333333335,positive
592,Power Bank 10000mAh,Pooja,5,"Perfect Power Bank 10000mAh for daily use, no issues at all after a month.",Amazon,perfect power bank mah daily use no issue month,positive,0.3612,positive,0.5,positive
593,Wireless Mouse,Rahul,2,"Not worth the price, this Wireless Mouse broke on the second day.",Amazon,not worth price wireless mouse broke second day,negative,-0.5371,neutral,-0.075,negative
594,Laptop Backpack,Isha,2,"Waste of money, the Laptop Backpack quality is really poor. Would consider buying again.",Flipkart,waste money laptop backpack quality really poor would consider buying,negative,-0.7346,negative,-0.30000000000000004,negative
595,Laptop Backpack,Vikram,4,"Very happy with this Laptop Backpack, will definitely buy again from this brand.",Amazon,happy laptop backpack definitely buy brand,positive,0.7713,positive,0.5,positive
596,Laptop Backpack,Nisha,3,"The Laptop Backpack is okay, does the job but nothing special.",Flipkart,laptop backpack okay job nothing special,negative,-0.3479,positive,0.4285714285714286,neutral
597,Kitchen Mixer Grinder,Suresh,2,"Really bad Kitchen Mixer Grinder, would not recommend to anyone.",Amazon,really bad kitchen mixer grinder would not recommend anyone,negative,-0.7098,negative,-0.6999999999999998,negative
598,Laptop Backpack,Isha,5,Impressed by the quality of the Laptop Backpack. Packaging was also very good.,Flipkart,impressed quality laptop backpack packaging also good,positive,0.7425,positive,0.955,positive
599,Smartphone Back Cover,Neha,5,"Superb product! The Smartphone Back Cover exceeded my expectations, five stars.",Amazon,superb product smartphone back cover exceeded expectation five star,positive,0.6588,positive,0.5,positive
600,Wireless Mouse,Manoj,1,Delivery was late and the Wireless Mouse was defective on arrival. Would consider buying again.,Amazon,delivery late wireless mouse defective arrival would consider buying,negative,-0.4404,negative,-0.3,negative
